-- phpMyAdmin SQL Dump
-- version 4.8.5
-- https://www.phpmyadmin.net/
--
-- Servidor: 127.0.0.1
-- Tiempo de generación: 18-04-2019 a las 02:23:28
-- Versión del servidor: 10.1.38-MariaDB
-- Versión de PHP: 7.3.2

SET SQL_MODE = "NO_AUTO_VALUE_ON_ZERO";
SET AUTOCOMMIT = 0;
START TRANSACTION;
SET time_zone = "+00:00";


/*!40101 SET @OLD_CHARACTER_SET_CLIENT=@@CHARACTER_SET_CLIENT */;
/*!40101 SET @OLD_CHARACTER_SET_RESULTS=@@CHARACTER_SET_RESULTS */;
/*!40101 SET @OLD_COLLATION_CONNECTION=@@COLLATION_CONNECTION */;
/*!40101 SET NAMES utf8mb4 */;

--
-- Base de datos: `sargazo_web`
--

-- --------------------------------------------------------

--
-- Estructura de tabla para la tabla `cat_depositos`
--

CREATE TABLE `cat_depositos` (
  `id` char(36) COLLATE utf8_spanish_ci NOT NULL,
  `cat_municipio_id` char(36) COLLATE utf8_spanish_ci NOT NULL,
  `nombre` varchar(80) COLLATE utf8_spanish_ci DEFAULT NULL,
  `coordenadas` text COLLATE utf8_spanish_ci,
  `capacidad` int(11) DEFAULT NULL,
  `activo` tinyint(1) DEFAULT '1',
  `created` datetime DEFAULT NULL,
  `modified` datetime DEFAULT NULL
) ENGINE=InnoDB DEFAULT CHARSET=utf8 COLLATE=utf8_spanish_ci;

--
-- Volcado de datos para la tabla `cat_depositos`
--

INSERT INTO `cat_depositos` (`id`, `cat_municipio_id`, `nombre`, `coordenadas`, `capacidad`, `activo`, `created`, `modified`) VALUES
('4401684b-e55b-4ad9-aaf8-0a88002b849d', '1adf5cdb-e7f7-4ce7-9a98-f3813ec30229', 'Deposito Cancun', '(20.9625994941158,-86.85098799100297)', 5000, 1, '2019-03-06 16:07:18', '2019-03-06 16:07:18');

-- --------------------------------------------------------

--
-- Estructura de tabla para la tabla `cat_entidades`
--

CREATE TABLE `cat_entidades` (
  `id` char(36) COLLATE utf8_spanish_ci NOT NULL,
  `nombre` varchar(100) COLLATE utf8_spanish_ci NOT NULL,
  `responsable` varchar(300) COLLATE utf8_spanish_ci DEFAULT NULL,
  `abreviacion` varchar(50) COLLATE utf8_spanish_ci NOT NULL,
  `logo` longtext COLLATE utf8_spanish_ci,
  `tipo` enum('ASOCIACION','DEPENDENCIA','EMPRESA') COLLATE utf8_spanish_ci NOT NULL,
  `telefono` varchar(10) COLLATE utf8_spanish_ci NOT NULL,
  `correo` varchar(50) COLLATE utf8_spanish_ci NOT NULL,
  `calle` varchar(100) COLLATE utf8_spanish_ci NOT NULL,
  `num_interior` int(11) NOT NULL,
  `num_exterior` int(11) NOT NULL,
  `cp` varchar(6) COLLATE utf8_spanish_ci NOT NULL,
  `cruzamientos` text COLLATE utf8_spanish_ci NOT NULL,
  `referencias` text COLLATE utf8_spanish_ci NOT NULL,
  `activo` tinyint(1) DEFAULT '1',
  `created` datetime DEFAULT CURRENT_TIMESTAMP,
  `modified` datetime DEFAULT CURRENT_TIMESTAMP
) ENGINE=InnoDB DEFAULT CHARSET=utf8 COLLATE=utf8_spanish_ci;

--
-- Volcado de datos para la tabla `cat_entidades`
--

INSERT INTO `cat_entidades` (`id`, `nombre`, `responsable`, `abreviacion`, `logo`, `tipo`, `telefono`, `correo`, `calle`, `num_interior`, `num_exterior`, `cp`, `cruzamientos`, `referencias`, `activo`, `created`, `modified`) VALUES
('346f709c-fc41-4e6a-8429-361fb7321d07', 'Santana Corporation', 'Máximo Santana', 'SC', 'data:image/jpeg;base64,/9j/4gIcSUNDX1BST0ZJTEUAAQEAAAIMbGNtcwIQAABtbnRyUkdCIFhZWiAH3AABABkAAwApADlhY3NwQVBQTAAAAAAAAAAAAAAAAAAAAAAAAAAAAAAAAAAA9tYAAQAAAADTLWxjbXMAAAAAAAAAAAAAAAAAAAAAAAAAAAAAAAAAAAAAAAAAAAAAAAAAAAAAAAAAAAAAAApkZXNjAAAA/AAAAF5jcHJ0AAABXAAAAAt3dHB0AAABaAAAABRia3B0AAABfAAAABRyWFlaAAABkAAAABRnWFlaAAABpAAAABRiWFlaAAABuAAAABRyVFJDAAABzAAAAEBnVFJDAAABzAAAAEBiVFJDAAABzAAAAEBkZXNjAAAAAAAAAANjMgAAAAAAAAAAAAAAAAAAAAAAAAAAAAAAAAAAAAAAAAAAAAAAAAAAAAAAAAAAAAAAAAAAAAAAAAAAAAAAAAAAAAAAAAAAAAAAAAAAAAAAAAAAAAB0ZXh0AAAAAEZCAABYWVogAAAAAAAA9tYAAQAAAADTLVhZWiAAAAAAAAADFgAAAzMAAAKkWFlaIAAAAAAAAG+iAAA49QAAA5BYWVogAAAAAAAAYpkAALeFAAAY2lhZWiAAAAAAAAAkoAAAD4QAALbPY3VydgAAAAAAAAAaAAAAywHJA2MFkghrC/YQPxVRGzQh8SmQMhg7kkYFUXdd7WtwegWJsZp8rGm/fdPD6TD////bAEMABAMDBAMDBAQDBAUEBAUGCgcGBgYGDQkKCAoPDRAQDw0PDhETGBQREhcSDg8VHBUXGRkbGxsQFB0fHRofGBobGv/bAEMBBAUFBgUGDAcHDBoRDxEaGhoaGhoaGhoaGhoaGhoaGhoaGhoaGhoaGhoaGhoaGhoaGhoaGhoaGhoaGhoaGhoaGv/AABEIALwA+gMBIgACEQEDEQH/xAAcAAACAwEBAQEAAAAAAAAAAAAGBwMEBQgCAQD/xAA+EAACAgICAQMEAAUDAgUDAgcBAgMEBREGEiEAEzEHFCJBFSMyUWFCcYEWMwgkUmKRF6HRgsElQ1NjkrHh/8QAGgEAAwEBAQEAAAAAAAAAAAAAAwQFAgEABv/EADQRAAEDAgMGBQQCAgIDAAAAAAECAxEAIQQxQRJRYXGB8BMikaGxwdHh8SMyBRQkM0OC0v/aAAwDAQACEQMRAD8A7DW8tpY/up5GeInpGkY10GvLIAN6Bb/Hzo/3zpzLIsyhJnj6KVjeqWKIz6+N6Hkb8aJGvHz69V6ktqeE2oonBiH3M1uWJSyM2/IXTAksB5/R+PIHrzkK1yNGkqyF7UlnX2xqPMgAPllBBVip2wIOhojW/PrelLkVoQpalgJyT48d0kmd1RkVG2CnZSxJIOv9QXX69DP1B4xb5lxS/haa1VuW6aPCZQ4HdJuyhe3Y+VDKBsaDf2162qzXTc7RII4ooz1heCP+ahdQewGunjf7OgR414NiKlKuW61Zq5c0xHMxjVu+5nYkKAQFJ34/Z14+fWVAKSQda2lRQoKGY+lJv6Jcrkw+Uf6aZuW1BMGlsYFZh7YMYc+9AGYHfQhpE356FhoFdenV9w80jmwn8yOR0T25FCyjYA/1HQUFid9daB0fSA+v3Dsl/FcZyGjNJb26QQOrNBNQlUkhxL8dNnt5A6/zAQfcPowwfOcHzrOmllsVawHI4wIJJo7LU0msoVDQFg3bsPy1HKCp0db/AGp/sBKi2rMWvkZyvvpheHKkh1GR3aRna1btr6fx5aS7Jk+Rc2spNDpIf4q0EcXuFgWQwqoPgjw/z/Yn1i5P6PYCSMMuU5bipiVWGeDNzSsqqRpV7/6WOyf2GJPj1r2OPZ6i8i4SZswHnK1qtmFUWFtfmsrA9T2G2De2B/net5/IeRcgwBkhTh2WzEMUiK8tBY2jaR/CBYw/ddHZ8g63s6BHrK3lAGUGfUe32riWdqIIrGfjuL4rko8l7/K86ImEs1nJcjKCGMt/3OhJ3rf9bEAeCSN+gLin1KPAOU3+NcmgixFSO9DV+4mriw8cRiMsLO/ZkVikgJcKw/LX46J9QfUrnPM8XBDZvcby2BqRh4/eu1wyDsoVuzIeoH5AaPg7H+B6W4tYLmvPsPLzOfJw8eaglS3KpVp6ywo7q4bqf5YJ18H8dgD4HqYnxnFBSwU+gztz+fen0pQEFIgnrpflpTafgdP6mcnzknHspDT4/QtSXr16tX9ywuRsRlmjimUb9tvEjoCQC2h5I0YcW5fnfpRRqYf6pcSjweJgX2qmc45XZqLN213mhBLRM3z2I2fOxv4HOAZbhfH4ruE4u8gpO0N6z9k8kqlyvtqXm8gAhQeu9aIbXn1vYX604Kzy25wbLwpepZOVKUN52E8XvOrAwTKf6k7dEUjemkI8a36aweKbWfCTJIFyc+tJPNKQNo5GmXWylXJVo7fHbkF+pGyBbVSwtgKe4326/Gwf9Wv9x6vtZeWBG8EqIxv2yWICjY2P7/Ohsa15J9D/AB/6e8U4bNLNxnG18ZKsAhmes80hdGZWAKuxDHsF0TsgA68fN7PNl7uMMfGLuPqZESoYTk8e1qIEA/y3WMowB8DYBPg/7irSYAOtaLyVw5EMqr1GhGylCB40qoSAd7P618evD2YIhI8ntJAzxLH70wTbN3BVWOh866rsef3+iESW/qXBGqZDj3EMnOof35YM9NVrBlKgIA8bMpGztTsbK6YDfrHvxc65ZWtQ5L6ecaGMkVHEd/LrfjkaJgxHtRqisf6h5bWyvnyR6wp2Emx9DRksFSo2gBzT9SJpkUslTuRPHSvQZCCGV4bBikEhimXQMTAfDbOuo/v8+PUbWENhYoSI190RiPqYn2fJOifI+fJ38eR5G+b+C4XkfAPqm3H+PY+pSXLwtaegJ3hgX3I3cMwjZl7RiFwFPuABlJ2TsNlMX9UJnmjbNcYgre0DBFND9wVOgC56RoP89RvyPjRGlWsUpYugz3vI0pl7BeGqziYgESf3RzGTDPHFKhVXJ6hHL9lUE/J31AAPj/B8D16mnSOMElZ37qf5EgHnX66A6H+T/wDA9L3I/TrL5ybHHLc6lSxjJhPWXH46OICcBgXXs40eux4/TEH586VjiGXmSaM85yqMVV2jgqQjR+dnRGgPI8eP9/gk8Z0n/rPqn70Astx/2j0V/wDNYP1qpVMv9Pr33spFWCZWMhbe2kR0VW0O2mcxg+P2N6G/Wj9O8oub+m3D7JmaeYYuCK00sQ208I9qXx/h01saH/z6HvqDFyLD8c+1pcgHI5LzimMXkcdEZZi2whQxhfyD9R2PXQ2fOvWZ9F8paxGR5BwzkEVircgvS3E+56DrN0Vp67kDqrHYkTX4sNsN/PoSX5xBQRE8s+hOYphxj/ihYMwTluMbwDn803XjkMaM1eRdhfK9Avz4P9z8a9RLIIVADiBDth7jDq3zs6YD/wD3/wA+rYVpq0ZSIw1pAzIhYqpAP60u/wC5/v536gqwStFMKFVmfwC+iQR+gVbbaB87H6B+Pn08DU2pFnjhQ6kgrs35AMAGJPz+/P8A99+PUPvSzTxy9GDRqWJ0qnf+f1r8def768+rQhPc+7LA0sUZMxdyT02N+PB8ef8A7f8AMbVIVtvVhGiAZGYKD+KgfHx13saB+SNevV6oDNGyL9xGiNsKzIDHonfw6N5/R8gDyd/5sQ3bSoqdpfYdvb3MRIT5/wADyf8A9Q9RWo4Kqs4q2XVX6/naCsST8ePn/b1Ey+1I5ItI5Yl0CyK/YeN9vP8Af/n16vVcs3WMZkmYydX6qGiIUuPk+fO/je/8eoLMokX3JJ4y7HWwgYKT8KANef8An+/j1C8sUoRo5AqhRpWc9gF143vY+NEfP9/Xl4JI4JZbiyqrktuQCNVVtb/v/tv5/t67N69XhPt6alhPXUspZi/uaP8AjRJX/wCPXvcR8+5VG/8A+0v/AOfX1XaCAlbU0sHUlFJVuo351+OyD/f/AOfU6yw9R/IsHx+6sRProNdrflsHqY6TEyyQgARSKIWJZe+gPBPyv5a6/wBiBv1cSvN7KRRSyS9dKVoFQqr8trXne/2SPJB0R682rclY6sSxJDHFr+XLqNm+ApYsNa/sPB3rR/VOKOkK4bI/w6QADXSVGSQeSAnZkUaJ2eoHx/k+uk1q+dTJFIVm+8WS43uLIgAIjCdizdwo3rsSf2DoeD6hkS5QsGvTWqbIiRZOkDx9kEp/RQrvZH+42f7evMbVLEkbSy15IzPoRwdZdfryW/FdbP5bIAPjWvXmwxay61Xr6SBiFWZmjWNH1oBDtjo/G9ePGjv1km1c50M/WAWsh9JuRx4W40WQq1w1absY+x7ggdd/irHxrydDz/lE/UfC47Hczr28RHkb2M5XhKs8UCF5rERsSKsY7FtyGNkBVj+ShuoJAAHRHNDX/wCh+SRZivBXx/2LrH7u4iGYaQL/AGYsBoAnevG/2pcHYt0uV/Q+3ZWvXxNyF8TCghVZe8MJVWbxoF37SBSSVPb9g7nPo8V3w94HpN54R6mqWGWG2ts6H6fcenO93iXOuWYnkdvE/UCnfyuKrmKJ55oIVs4ohC4aRNfzom67LgnqBvz+RDIv86wa7hj5DiopdRsoN4pGyhweqt06qNaXyddvHj1m/UPjOIzeGTKZezPjq2FjErvYtoYGUlWAkPUr4YDrok7YjR7elNg+S1sQl/jnPpLOL45PO1abJUaaRilbl11SRyHbqSsjq3Xr31+theLW42sM2Mgwe+FZDbK0Fy4jMDSdfWnxFyrB8goy0zlsTZgtr9tYx8stcly69vbcNo7KKx8gAjeifHpXfUbhOB+nfFaQ4hhaWLlyOZgrOsW5DdSQSCSCQs7bTWtAnqvUE714zc39MMdHfwN9MnhcxglYRjIV0EV2dY10sTFGMUiFjskKpGgNfkCBznww3HUpXJ5p8Vj3aWAxKXYPMa0nsxron8i6RflrwPkgb9JO4xwq8BxACjbP3y+tMssNCHUrOyL5btMxWBwL6jYPB5/PwzX341VgxUkTWMfZ+5fISQP1ESqAYyZA0jK2j+vOvW/g8ziKuYx0f/TWL4pYfvZrLOYgKcJVTH3m0F7ODroCDretbPql9F7NqTDSZ7l0VzLDLN7GJowp0jCJ4ntzMgUiLuwjUk+Sj63+trlOF4zFwa9lI+W5GpkKlaSC5iJWgmWxOza6mvP4CjagGPZ6FW/qBPrCkLUQ0khMX/sT8jjPIUcLSkFxUmbf1Av0JNOGryHIWLduEYmbGQQirNDYE6lLpl7CQIu2Mar40C3kOpGteiPxZ9uaCX3IJF6xoDKfwJDA+E6n4+CTv1zD9Kc7LjeGmCuyzmGG4sMkcjRBneaJP5jbI/CNW6DQ6iQj97Jxxn6y8f45RztXkZyjTUpFdK9aFZTbjCJ16MzdQwDdmDaHjYJ+PRsPi1f7CmlmbZ5ZW9/pUx1jy7SRTbsxzsJrMkc09aD3HT7W7GGLaYn+pV6kEKQSwBPyR6yctyfinGoon5Pepcdruyw17F9xXV2+eqgbBY/k/wDknf8Ab15x+fgyIorYqoKN9Q9aaRBWkVHHYB9+EbTfH+x36tYaIzlGtWDJPdSSL2nihdSqysn9DH8t9dltaH78D0+Hi4seHBF56diltmE3oC5DlcPb+rHCszXv1LdStC4e7HkIzHtlnVA0ylUATuSV2CQwAGzonZ5TiUlmFjPYdWkXcUn8Xh9xjo6AjZ2Oz/j52PQTJxjHP9ZpMXcxlCXHR4tsg9Z4IvY06JGuolXr2MiSH48eG8+D6PcXxDi+MsPLg+M8coHt3LQ4yGHuw8eWKEk6Hzvf+PRGpVt6XPwBRsRENjckfU76Vtn6h8jxzY/L5S774mnb7rFxgiKOuDoHevDa0wbfyp3869XuS/Ujl0GMF3jvFMnx3Hwuk/8AFOTSRQxyou9xJWj7yydwd+GB/Hfjz60eQ/TbGfcUmxVaoIWtM9utLK3Q1mKGRY5F8jt7Sr18KOzH51pK8xxXIZcRyazLWvZL8MhJBVp2Z7KVJiwjgWNmdpGMY7s4ZVRVCKN7Oo7b2IwxWh1QJ03ZZ9d3oKeDeHxSk7Igaxrfu5oy4xj7v1Xzk2d5HybL4kRwwzYf+FIkTLGCVLJtW9sE+dDbfmT2879BGV+8x3P+U5b6f5m5nYeLXqiwy5G89uSWx7JLl2f/ALyII7KFt+EBA8DYY/1L5zx/6c4LIYTi/wB0/JsrAiwtZUJPia8kKL+UnUkOEVggH9JJH9Kja3TgOO5D9HMLmcJkXo5CS09XOH7aUw2ovunZOwUKrOimPT78+4d+fTpaKcOdo+aZnjM+3xasIeBxAUB5coO6LjvW9dT4LklPOYmlmcfK5iykYmIXRYh/lAAfAU7B8DfXfx6ls0KdgNHYjmWMtsRJ32V8+N/PpDfQjkrwzZbinIolquth7FOmg1GhXXvIgZztP6XHyd+56e8FedpE9qCQPsaMcaj8f77IXQ/2P69PNLDqAoVOeaLLhQdOxXsyUsf1iM8cAIXaGMaP91J38f8A7+pw0Ji7CeD2NdwVmIHnez8/2/ud+qz2nPuQvUlkhJ7/AM+1EVGvA8eWOv1v/wCfXsusBVTVCvGNIR1JG963sa/49FoVVDHFBMssC1hJ8tIrE6BO9Efs7A+R6illjnVm91GkGwQHKsF/93gb8/r5/wD3lJjYBYYyGJADGJHVgPnZXfjfr1/KpqoKFSjgjvCQPn4/pAb9eCf18+vVwVUr2IJb86UrTsazgSRSluvc7AJ8fGvg/rz49XBH7Msjj+UX14Eofzr/AGCn+/oZw2JyeIyd65kWWetNEVE8TtK07ByxkZOpKld68N8k+t95mtwGZ+zxL123tGMofJG9j58f4+PQ21KUmVCDRFJhUAzUVlTYn7RkhlUeBGAVPnfgHWv8/wCPVdli7HdlSd/3H/49XokakKpjV5OrbIkXe/8Alj87P/PqdbdkKAJol0PhmBI/3/D0SsERW1c7QW0+4niqyoq9y8hiMjH9BQ29edEjZG/38ev1WKKz7tufHSwBmkjcwxuzSAeTIZSCW+CNnX6BP9rK2GMEzY9mW6nZEkml9ogb/ttgx/wSNkDx8eq88IkUSirFNMz9CkU0cbI3j9ht73vxv/j16tZZV4RVnjjVjabq8gNdq6v1PkAeV8ADr50Tr9fHqSGCxBkxBYhhxULQnqIZFR30fBHUaAB2P9m3oegvl+dONaji6TNjywb7uwjAybLEH89aI6gksPPkaPz6U3KOdZfhdWaxWzkkeLWKWN5JZgDJCBrqnu9tMCCRrW/A+R6lv/5FphzwyCeUZ08zg3Hk7QjvpUX1Z+oGFmznIHyFyY0cII8bhYDWd2tZCQ9HdidlfbPkE6AJQAnyDlHNnE/+Hf6T8loTSWLHHeSO0itIWQyiSwWEoY/i+lAGt67t4HYevTmvJjOPQSpStPFOl+w6RpXWREKsB/QWX8CqgHZZ223+AOe7gcb9OeTYTKGaXKTvGmIqs+46bWXMs1j5K9usaKT86bqNAt6XwzyTiDvVN/f2y6U8+2RhYGQj7e5JNdZS0slkJV5d9UrUOMxtBvusbx1Y0eHHOewjmncE+/P10VHXqjNpexXt6TnIeaLyT6kZKHG2Y8dbz0P2v2FoxyIesP8A2px8AyBdneyhCedkaJ608H1SwWJkwqV5np8erTWH94JKLQYxvAoICNL1hcJ2JHhSfGvQ9Q5BwDl9+lWw1CnTFF5JoZY4V92R4Ars+yWcKoj7EkjWjsDfrOOfUVBOQm0EyTwMWih4ZpKApRuY3ZDjehzCZHAZPNcRrclCYPh0dlYrdKOI1z97+X208kiAM0Qk6eN/LhmbWx6yfrpwuG7yJcbxq/Ya1HdjjpYmN1keWxI0hkJHYLGUjVvOmKqVRiPUuXzuJ5BkqmVw2aDV4prJ9qnS+5e0/btDLvWlJbyqj9ADwTr1Lw/P4i/m8ZY5rmpsPSxNV0rf+TWzViLs80qzkqW7yFWYvti5XWwB5QwzywkNrE3kGYmdCTlv10FOLZglxBgRlw4disT6f4jJcMNeisxt3OQpo0YIGlWqQNq1mZRqNyo8IG3/AElteijl3055PyP+JW8tnsS8VBTDx6r9wocJI69i6oP5YAUkkszE6HplZX6mcRwomfI5iwsn2yTmC3jrNOXRiDe30ZQjkgrrq3x8ePPoHu8nu3MP72BxbLC1Cc1rmTxU7Xrk0szrXWOJXWMEKQ/dST1R9KxUAmDbqHCSkA7zYdI4c+d6W8UvJCQPv60W2MZirHE6WN47gguRTGxx5KzioFrs0yxKgboSTKo8hmbfbS/kPQrm+Kz5rMWPvKfGcDcVa0zOmOL1rUUfVnrKwDez++ysp7MCobr6NvohjMQOK1MnNUrLyaSa1jrUySTPZLRsVZCzOw3pDs9QCvx/lnZSenctNTuVaX8kLNYjkVBI7aJVV7Dv4JBJGiNqB/UfTv8AqKV/KtQk8IGXr758LUl44TKImONJ1mx0kOXsZLGxR3p7ZetfW4YlSuRHpGQHqxDKQAQNKQA3ggg9TOVshPyuxmqHHMxUxMEM0WDyss9e2sAjVi0U0asEB9wKSdjup2Pgk6q8e4tyvLcjmibIZOwz/Z47A4W2Xei0fmWxJK7GOIuxYBnboqjS9yRoX49nM59GOZ5fHzZaBK0QBv1HrG5HM4UPHE0ukZWWNlDSKrDZP4kfCaGFI2VvKASbTGe4nKnUuiCloEnvI/aKXNrm/Ikkx2So3chgsljqMIf73um5C8zMNv8A1w9GiXqwP4g7H479dCL9R8lzCKCj9OalXL52ONZcr9xSMdSl2jIZAS4DESlfy11Cqfn0lLk0WQyNzkH1Wxt0YqzUS7gK06SRVZVWVCtSMqOsnuRe5v4A7b1oDXQ/I6y8N5LkbvHDj8fSsY2nSFOtSRepiedowNfj2Mci6GtgE+PHpwOONMhSlQngPNfLlWHfCW8RsyoD/wBZHz8c6H+eXpeFcUs27MkNrOwQss1im7QxSWZ+vSBEc/zHDKuiddFbwo7H0IXb3JvoYoo3buPyef5FR+7/APNROESxEAhV3DAE95evjwd70NaPy7FPm+X4OzySm2V4piEkvvjlAeW/Y7AAdHHVk7urH/2Ryk+oOW8V5V9aosxzmq0ONw1WmauAqIRH2aK0RKxfoNa6mQSAgFgoXwuyqpKMQ0XEjz5jgALg8/e1aQ2UuBLlk5HjOVE/0q4fS5ZicpkvqPVkzmcioQYaSe/5JUlpeyMP6ZNSIGcfHRNAeSx9yWvX4z9OL9apLJbqYjCrShFlElb2Ygo9xwfxJVQWGgoLAb0PXOvFeaZnh9SCam9c38tioYoMhbphhMEMnUoO3h1kZt6B7lV+N9fR7L9VH5BiLmB5dQpyI2M7WrtP8fu3O/x9vsAra6Ps/iC3lfHhhjHNeCUGyr8u71lWBdDwIHlkelBGT5FcoWOFZ2rjMtiLBpz2GMNZj/VMUjsnSkkgE7Q6Yo4DdSd+nVxr6l3ubCeLiVClLkK80s1uDI3D7kUIZQsoRAP5bEkAgsdhv16U+IimrfT+txnPclo3L2XyUs9qlLZksXzbeUI0EUYIYkPH2L6YK2xr5KrjF1slgub4tcJHkJc3XryQ9KUytL0ELGRAG1pfweQRPvX9J2dj11pa0wlJMEdwYoxbbcbJUBKTxsJ1g7/SunOV5/lmEpwz3VwoSy6VYnqpMWSxI2h1jlbTH9BipTz59U8Hz3JBpo8thxl/tDG0l+jpPa7MyjvGQV8FHJI14HgeRtZV8vPyKhW+95Lnctx++sdgFxAslaZG7KS5gMpIKOG6nqhYAga84w5JzT6dTj+E5ofZhvu7VetF7kKv39sRWJPyJbXQfOwCnxvR8l5S39lDhAjXOfju1BU0lLMqbBVw3b57410xQz9LNytHjbZDfkAJERu4Ubbo3+rWwT/b1b9z2HR1kaIEnyFZh4/f61v+/jXpH/8A1cpzmpn73ErmGvLWW6r91nx2SiJID+6SrxNvY7efjTf3Da4ryfH8woV5sfLfpvPH7jUZ07SRjxv58k6J/XjY+fk0kO+ctrIn5/PCpymoAWgGPjvfW5DalAYKyGJ3/Jvb2zE6+fjf68efjfqLdeRnM01F5O/UJ7OmK/rzsne9jWv+fVj7SDqFazJKp/JvcruSPHgFvj51/wDgeqdot1BjeaxErAt2hUhPPz4XyD/tv0zQCONTRxqiv1WGKIeQqxNEw/2BGl/+fUXvN/osL1/XbZOv8nr6rCIzyPJalhp0jsF2IQMdb8ef8fB/+fj1mnk5JPRuy/ph10R/f+n1hS0o/sa0lpa/6iaYBhr/AG5sS2Ztp229iTuYv3oIT+ev1rx/uR6+37KyzVEMpNCw7StPJ1CggNtP5m12Ts/4Oxr1DPatS1Z5slTKx7HaNmaRfbXa+AygKvn5Dbbzv1DETUEsli3TpVooVX2wjwHqf3IoJPc6H4jyf+fW65QVyjCVcotTJRQyRdHaITR2OntwknrHGBuMKB4H4E7/AMeSlOYcGxmd5Hh8VWrZDKreMy1YZ7bvNf6kqAzKFWCKH23VlABZiSxG19dRyixPHPWyNuzJTfr0gasI5BGvXe2Zhsnt4CrvyN7Pn0ieL8mgrc/yVqnYtS0sfHYpyy5AbNBZH/rQhd69yIe5+0Vd+epHqFjGkB9O3kuBOszf1GudVcG64lKlA/1E8Nw/VIDnGUtZ9sPl4a9jG176yzCpX0n2oimkgVQgBCge0T1+A3+w9bOR4Y3NMw1THrYq2LprSKUDOqTHqzLIut/9tjHsfsA68kemDzI8e4vyaxVipQ28DhKE5nqLMtlbcStE8Ua+4VHdpWtOx3tgw/4Es7j7NPkXGszisjfs4XI2B9xcWdf5lSRewQxkaR/JHbr+RdR3B8FLEwlSUpgQSZnScjx+lUMMtRSVKm4HrFafCfqfkamVuYHisgoYKEFo2BBlaBOqIxUr+DFRtN+ACD8/NTO4XJ16kON4zAKGX5PYr46Kxi7soDPMx9yOVk/Bo+nZyWT8wJBsdADm2KkGEvrmbFLKyWPYiSaSlbiijhkVdLEy66SFwVJJKnx1G/KgbibN8h5DBJx2/epZ7HWpC1o9ITQrssKRzPLH8MWmlUoo8BV6glvXmiC6gDIbybb8/pFbWEhle1mdwzvbszU2Q4nn/ojBPHYkrS5NszYx1eU1thI4EVzMvb8dssqlT/pBO/Ox6KuM8b5JFxaOTk9XKYzjRiM+NtSloYbFt38TkeTsQl1VmAHtqApIA2t8lyI3ctBis7LdzHHsdj5aPuwBWnkkkPadw8pY9jLtTICx0w/e/XTee5BhuUcG45bFrOQ169aKOanLiLFWuie31Ch5VXvL4UF1dgyhiPGvTDiU+E4qM9TukRxy0pdsqU82kn033+utD+V45nxjKWRhNHIZ3E+5SR0rGwXliUyj2V/Ju/s/zSutEq2gfA9F+H4Vc59gY87yzNQ5+xna6fbWqdH3BGu9n2pPxeKb+uM9OrINgeQNA86Z3j5zV+3npqFrmdytjosaIpllgjRfelmE+1ETrD7gDhWP85dn4IP8bwTi2I4Pw25Y+5x65CvTivwi20UGVkkiMiCeA/i8g122OrDRG9AejIZDjAdCjMT2PvlmBSjrxCvDEbpi9Sr9PuF4nIPDjsBV/jmPj+5kjUSS240IKAuN7PcMPwbXYkHqTo+vWK5hw/HZC3jbxuplqYbvjZ8VPBJ0HVVbq66aNt6LttQB8jfoFuYODivLsZyuK/m6Mcte5PPkKiCNq1cFQ0yyzh45l1IDogtv8Sf6T6o8w5Za5bgVXnBq2MJSy/8A5LKz4lIciEXoe0EkDGLbn8WCqdof7kEKpSNgvLPmGQIkXuLan66VrYEgZpOotz7+lMzitG7UwGL4jFl2rz9rM88OMj9uWRmkZzt089/zAABQBVBLaGglfqWcfk47jcdisukvSq+QtaK2QzKFkBbbFDGr6mB3Jo+NEbamLwUPIOI1uUWc5kYVsGyHoVZ4q7X4DJIPY7uvdfcPUEpo+QNj5Cw5fJNH9tegeCrXFh1qpecullejIteCNgXbqR1Da6qUQs4JHoIbVikBS/7zlwj09KO1DThIyGvH5phZHIR8l+l1bhMmE75f+FRwy3bpd8XDJWjASZZg6iPYQdVCHXb8vx7E4H3UXC/p+0EnI25NkK6WaKFrbQpUlj0WrIrr7kOwPl9kb34VhulkJJTj3ms2IshGldRYidh7jQn8SI1+GI3rqP0N/A9A4rY/F4zOZCggzTOY46XtVQv2qjfZ5A3k+SV3o+AN9SSPRlYn/ab2Twgb76+/zWk4MtrCtL9LUTvey3IsbS5Bn4Z4OO4mSocvFHYXtDFJOsadGI+SJGk6gDSBvjsp9E8fMKGPyGB+mHLrcGdwUV5FnzUUqzV72LaJpa8MvUsUT3egdDtQqjRC/BDzO1gMbwS/wKtTOTzuUpQ2MlLA3ve5ZUIWkVjsuVMTdSAEQJ8nqV9LTg2FgytCzPiO2Lwe5bVi8kUqpKioQZkdxp+qr2LhSvjx5PrY8PBD+MSrWMrxafT0rBSrEiXDCdN9tY437FHfBKvFIMZnYbsCvjkydmPFSZZgyfZA6QRM6hQCFLFQQ/5KzaJ8pTkV+CLneQNWGYUf4k1T7Yt9tK8DdCrdpB16P8B/I8efRvjOfUOYiPHR0MocHj7hlWHp9xPb9xdGVof9DD8iFG/DA/6dermTwHHMnkuK4rnatTXJySRUqTW1j6PExHs9wOyhg8ZA7bBl6jTH1LVJchSbfE3/ABTDfkJVJrI4xWk4/bg5BlMZjrdzHhnrbdneEqQxZTEwBkA8a2wOyCPPozxPJMDJla9yRzRzV6ZbkcjoqvJNI3f3e6EqF7n/AFEBSdaG/P7kfGuN8Cz2NxvHay4WjkAYcjjkaRRGnX+XYSOSRvZbtuLflZAdEAoCOfPqlyTO4e7ZwuXsT3cJLYkmaOVw0k7AEJ7767kqG0o2BpgdE69ERKlBpKpiSNO/Wi+VxJeIibHjXSdjgxF23meNWbCZG4WsyYprCRVr8r6PuI7KUrudE/A7nqPA9LaTlWD459T8VCMpDjaESvFYQpN7Tl1DmKcMpJjAVF7KAB5PX4PrM+mn1Mz1jHVsVgsdcy2Mx1OZ7aZE9esu0Jign8tIqrvrG52e5+AAoYHKOcYXK8RvCvxnJT0co9mnBk60VeEs6DqxRijSFzGjb0ncKnRdk+DuJKljbEka/fv4pVolAiLHjVTL1ByvlM1uDCV7GDsdYrNaHo9dpAuvcPXw2zohlA+Af3v1vvyttXoIhJ9xA7wQyoXV3fWvwIHYHfyPgg/I/WPxPl0fAuD0cby4JQt4yhHEG6qVni0DEyaY6YoyAj57dtjx4DeR0uRZHkstTAZPGcopZoSWYHpZWQR4tSR7olUFHjMbdpF7b7BSBv49CQl0khJsM9NeO+ikoBldrW4xXSmN5ck9RzlalrH2lcRROS0UNoAf1orkMv8AkEEf5PkehfL/AFQvWM22M4rgnvWq8gBeUSTTbZf/AOVGihQQPPaUgDROj654t38m/LH49y6reuXKTJXhnrwSXGjkJUpZCSaYq4ILa6sy6+SPLY4va+p2Mx0mFxj0Z7qn+TjZYkbSKT/PCED2w4C+XAJLD5Y+a6n8RKUEEA6iCfpSCWGLlMEjeSBRTPwrI572rvOr1nE16tcyTB7ykqh+QSescYDHfgk+fnx6IxwDjMYCHBwzFfHuNOCW/wAnz+/SkXN5nl0Fvj/J+fYzHYm1UD3+mOWNSzN0FZg5Rgx2T+9geBpT611+p6Y5RTq8t57agrD2o5qvFIZIpFXwGRyNspA2CfkaPrrLWGelamyrioiZ5T9Ky8rEtnYCwCNBMewroj3Iowqy0bVQsejLESJJevyCwJDHZ34Pz4Pn49ROkEUXuxX/AHAfwe7YZm7D9jZGmAB2AP7/AAPSZi+my8OsWVj+pV/H5GtA0tx70zQw+wx2SsTSFtbGh8+fI9BsP1RyuGsQvjc1Bn8EixLHmbGNldGRydRyuY+qsNr5b4AXydn0947if7tnpB+tJ+CgqhDgPOR8iuizehFa5CjNFYck+zL2A2dhSTrZBIB7ADYPhvQXU+n9M8cpYnLtdjCZNblw0QsT2XVCCrd/iIDy3nsSN/vxl4f6yU7qXILEk9HIQs0Lt0YV53X29EPGQY/6iQOuuqNsk69BnMOa5ixh8rVq0688jSCCGy0H277eVYypaTwyOSU2wBChwGHnaz+IwtlKvY9nnAozTGIHlTaSO+zQnneMYiTEZlo/vb1XFmWtBNf0v3BUs0hYLv8ALTSFSuvAJHgj1jfRrnuO5FBcwPLS1rHTNDj62NklM0z1fYXv1bqpKAKzKhXwQijzo+tPMUYeD8ay8k1k5M4pIe0kcWo5LHclunUrpCEJUbVgqAnsQQRblfJOO8YrZDkp43yjEXFkhtJNDmI5xSlmZmgBSbYjYoGc6jfyAPI/L1FZAWTsJzquraSACqRH0r6+CyGD5Be47lK2Us8b5VPGlPOX0ZYfcaEOrFIuyrIPbm9zyT47BQdE4/Esnl6WW9zMfe1MLSvGpLfpO4SxXBdVePsHClRrQYeep+W7EtLMW5eWQ4PJXKJxORhxUtKkJ8miuFkcMFlVY+gYdSRr+kM2xs69B1m7YxOBkxPIIWeu6e1S/g0DWbJQjZSRWI9zW3LdSOvbex236G48jJOf14UdpKo8/elT8e+jLZjjEtfEZmlLhhkIr1C4JDO0iJXIkQqFTYM3Ub38FgTtNl88l5ni8vxi4l0TRmXHme3uB3atG+1CkE62rDSqNb0CCfn0B1OVzYzidODjGGhxLV1EcdPJg1UWNDuSRenbZPkgFvybZJ/uEUZp14xl6fIcvFXiyr+8tq3YKtKvhQyOVJKfgV6Ep0KeCRsehrfccSUA5z9KUDRKwoiACI5TW7W+ouGy/PMXkOSNPDxfA46WziKdjGn3MndaKOv7SxLoF2AUhPyA66PyfTgOCzmWx93kn1JWHE5QUrFXAY+ONjDhkki9tW7kANZfemc76AaGhs+ucqqZHAVquSyPLcJx44201mmlWzBctKTEkKSwwx9lLsiMTvWjI0h/L4YH0Q5bkub/AFEr17ceSzeGx1KdhJlJTbmqMOgjb3mJVHLLoL5J3v5G/V7CulxrwgCeOnXjwFI4lkIc2wbd9zTF5BjyicLMGNr8UqwWxQpu/SZUnnRGXvGR8M8Cadh5ZwzAa8q6nyfi2Q5VJSqZLJfxC9blghp26jGCy6r7axxMWDlv5ZII8sfxK/0qOlJ60Us8Fq1X2KZaf/vROiAqykuTtV0GJH9tf49J/wCnyZd5OUXfp7TqnCX83Ncx3KM9q3I+0X3TWiIDyH3C+pC6xn+xJJ9FcwpUo+Y3+w6d3pdGIKMhFZR43ZgnenyOcz2aksMsuPlRobECAMPdVGBDLrsqyKxX8mHgqy+lNyGfkXEcpBnbUySzpGVjZUayYYSDJHAxdSmnjf3FXyrdz+ww9PvknHc5gcdkf4pTr8ou5S5XjHIJrxgvtO0u61b7dtx+33YR6ifoAzORsNvCo5nlvEcUt/8Ag1nC5nC2zTlE9SSOnYrsxcVJZfyBTszMkqE+2WOhp2BX2U4ZcGY33Mc/TpTcqxLekzlv5etesz9NeQ1VEGOlq5P3GR3vFY6hkMgBHWEsSoUH8j4B34Hj0G5bjdTh+Xord9/F5n21aJq7LahkE3YrA8pZQO/tuep31/ufBLNn/wDEXxMWUNmbIYOxHCRJXtY1pXi2Py2y7HUfAJ6/P+R6lt4Pi/1LzRyedyqZ7ASiSFhSPYLOqJHGwlB03t6lYdRvtIDsrsFV3DYVLkhREnp3zrrWIdIlWg6zS/qfV1sdamr17kNG2iyQWd2Vh6Lss4kYbOx/7QB48edn19w9yDkL4nA1JVz9vKR+/Rq4+J1gjrdSFdh4HQIQAWYBdjx536UeT4xl+Mw3peT4azUow9oB9zAiQTF26Lp4yQVAbf8An8fWrxSdcBXeaWC9xrKbL1cnTve1akgdBH7BgK9ZFI8qza6liep/HQHcKg+YuEjmPQU2ytU+VAk8MtxPWapch+r3IMFkctiIK0HH6+NtvWnVGjkkLxP1lPcExsTr/TvQ2d/HrRynH8FLDgs5lp2/h5Ye/EJHsGeHoGawrMC2+qksdHqPy8aA9Y9aOrBl8PBw2pBFUrSxrJNdgWyJ5l7t1aNlXuDrZDf1Ej9a9EHKsBcocfpY2K602bhts0M9qXqkn3TsJ4mZfALJOy/070Qo/XpUpZlPhGL+xtnTZcUSpKtBfTn+6W+a5JXjylzH8SyBjwBq2OkMSmNZZ5ANO7H8m6hU6bP46IUDZ38y8PKfqRdw9qPCyZeGEsJJvtzAkwBG0Mg0ngrrt4PbQ870a+H4VY5Rm6uAmRsPds2BBL96vtPH5HuA9l336BtA/JA+PTNk+oGKltVqmUs5Cvhpa5Sf+GyiuUnc6Y7IYRqzP17aBYkeBpgXVpGHKdgSQNdBvt19KXYWXQoEQPyKxquQw/GspVwuNsEzCssM4issa3ue52JQv49wjS7/AH+/BPqCxxC7DkrGV4vNOGnsyrSRVE7kdyGB3+RGnA2RoA+fX3JYvMYuWC7HxRM3TgoCZhahE9eKGuFUSNMut9NgFj/WSQd79MbEtBDBx3LsV3Qf3Jpo7DK8snz+C/P5RnTAnyFU+dbE5ThSQZ3zrrRVpUqYy4H5oBvYGzax9Su9rHQZK5krMM8Fur7EVpqsDMBC/UQBmlcxAD8jIV3ryfVzIrdqUKsvJZBJSeKN5pESJZzOzAaBXUhIOl/DuASfjfn3wTlOU4bh0z1yp/G2kt5IYyvOjyClDK0XvXwi/wDcQy9FKFgS8etqfX5L9aXHcaz0QsClXyxaOwsirbGmeMWVQ7RP+2X69tESMpbwD6fcaQUBSTzPpl1mhtuqUooIncOEn6RR7iq+ZQ4R+PxVYIpY2exPNa+2kquiMys08gbx177YjYJT96Alu8Vwf05ysOQz2TzFq9bnjEE1W9LPLGfJB/lFZGTZ69ySDsDr59Y1Ti+Tkgn5pwXkcgx06Sy3assrk+4p0ZEjbsAQV8oep/sT8Ek+nlXKUoMlmeZY48oxmRQxH+BwMbFb+pS0kEZjaXYI0y9umz8En1rDMh07EmTfOPocudIYh0pMaUa0KuNp05slVoJDD7oszOKOpBIA35tsEqwUN5JBAJ+PRpWu5qetDLWN/wBmRFaPQcDqRsf/AG9DN/lh4txmGlxqldeOvWWpW/pknrhkKrNIrNvSHXbbHx8/HrnQZ76hYsfYve5UWq/yT7FqQx7Xx+JD6K+PGv16dawmGP8A5CrrSqy+UghPtXVEH0Z4PXtrZ/6JrxOszSCWaqthUOvyOjO48aBAII/sNk6JuRZ0cd4nYvWI7ORp04gsdKKOPtYG9LEsR6ro+B2Zfk7+AB63PZnE3azUMsXYMrS1h4IB/wBTj+wA863vxr0Mc441dyeCDIhMMTGWSKNf+4ig9jrZJOt/BH7Gjvfqs8pSGlKQJIFLIAKwlWVKDmGUlwH2dG1wrjcNTOezbrT1qjmb75iHMJkLb90E/OxtTvWt6SP1GvSDiNHEZPkb/Z28jJkT/IL+41eMJHX6eSqFy3ViSAGDMo3v05vqzZydzG8XWxWnhpRyV0jjcSqJlkjdFYGMg+4wI9vZ3/K0fBIKUyvGlShd5B9VYfegqsBhqFK57M1hl2Qkh/0RMI1IOg+x4IHqE47tOhck/OnrVppOw2UkR+7elHnHkr8tp1zyqnjOP07ES1nrU5DFD7UceknIG2iZnXt2JYgrsb/a6wXAsvjcM2Z5nYku5It9wzrI0siT+10jeR5PDe13LKqgeW0TpR62eG/V2zyC3kKnK0rQLYkgNCtVDRpHKT0igRjvSCNZCB4bsdknWvTn5XhrVT6e1v8A+LQ2KFaL7mVpYQvWu7AyOoUkmTqw6jyWbqBr49T8Qp9sqQmATfLfaLnLiJpplxsbClTGQ7ilhczuVF7jnG58nDXs3IUy0tmAs6ez7hSGI9Vbt38j9ju+vOuwCMxyBcV9U5+P8hzk4xdWvHWttVlWpHK7hHKSEEssfjqVLBgVPYj49UuLZ3O8+5Nns9j4ZcdkIcc9WnVgVtVTED7EI0ezOQvY68l2YjW9elFCfsp7GXxzxtpmt/mvf+ltgnuNMGOyVP6Hn59MMYdK3FBWYHpPH2FZdeKEpUk56b66h+rWTsx4bIJWzyYexIrT3EjrK730KhfbV4h/LQMBtgNNv8vA8q7/AOpNZsBQgrwJZzNZ0KSWUDeVP4lhrxofpSN/v59FfM3v8qxU0sNSpblpWGijmjQxylGQdggPnez+yfGgB4J9U8fxvIcbwt3EWquIavkirjIK6PHIiq3uDu3wQxUHX/B0BtRtTBTK7kHgON6ZfbcA8h731kx8uzmZyNK1HSr5DInrBNAlNOthfyBDBR47Akf3AA8+PLw4x9Wst/AcXjcCv8M4RVgFSehisdGuUoLChD6aWT23dn1t9bIckDt4Cp+nk3/S/NrqG3LYw9ivJTRzSKRyyyRr7eo303QFjpx5/IDQ7ejDEuH51ytar0qGBxEPma3BIA1mUJ0Qujb2+j+ifxBA+WDiXi0oqaMDibRu6XpVxovICXBTW5RNh89hYuQciyOWucdrxSz3sc2dmeG5GugVsbPQhSpJRFQEkqfkaZuVytenUrw0JXqxvDHJEI066jCApGItAoNa8DwBsEfr1zrj72I5Gi1MosVY1f8AzP21mcJXsdSQysG13UbDdD5H63o7Ian1BuYzP3I7OMnow164ieWQqm52H5rGP9UfVuobX6+B49YT/kHVoUkm+/Ub4y+bUorBBKhHpW7yHkHH8Nco5fNZzEY3OUfyx8eWtPNHAzNpphUj1JPIFYrsfiNEbXRPoh+mH1En5LxGXM8yv8eihmstWrrB2i7xFf6JoHZgpYnetttRsn0lbnKsfHkr+eo4i1fuWIxSns1oo2VEVCnRmO/bQ7H5MBvQCn0ZYTA805IsE32eNkMLGJzailmdUCIFWMoWYfoeNKoIHj9YweKVh0QgFSj6Vt/CSJcVAFGEP0zwy5epyn6dZ2ni2SRia7QxWYJD2OoA7fzEjYllZPP4MxQrpfXn/wAPFMXuCSplMXSqSQZSXHy1xCHjgMez1UeNDuxCk6/FV/wPWRDmMh9Nb9PL5OtQ724t16iWdGaM/l2jP5MDsaD6PYb8N6x8FyHFpUzfKeG5O/i+Qxy3LOShhLzLbEhZ1hMLKEZkXbKygMOv73r1TZxmHCElwQRpfXvKlVtuuKN5m09/NHEGQizuf5DR4/hbE+Nxdl45JdrJXMSop2zs3kuwk0ih9IFY9e2gva/06+nOTkfK2YLuYS1OliHplH9loQnV1DhixDMpbtvY+AdD0U46Shjvp+eNS+6mfxsMkospJJBBksjLGd+Q/wCSswLa8AAKqqPg4FTGSUcHxxJWXD4WWNGGEtozDGSSMjGJQVLJ+S9WZCAVeUDX6RWttv8AkZVc8iBJyixHv0oxzKSPL8xrQpynhFa1UxRuXFt48VaaXWpt+cNhFQzDyN9djQdgOxPjyPOz9HPpnA1/H2slaPvcXuRW1p/i0U1uVGcPLJ/UDEU/ED56Akeo69Crkrsy8mg5ZjYWmeWO/LUqNVhAYnqnt7JUfl4f8gE8EkkesDC89m4Fy6/nq8Mubw0ssmMyAWwYPuULAwzhP2E+O2gD2cHx5OMM4EupUqNmZgXgwb8PemlNF5ohBlURl7TlTK+r2Mw+NzlTmDY+vPnpaklWyGlkjqzwt7cfeV/LBhCZVDJ+fkHWwvpI2+PYbNYXI0q0EeKxxpifFtcIBkeKJ5IYwD5YuwPkktKenwewJn9TPqLPksZjrORioLZtU7ft0oWbUMRYLC6DRJJIkJY62VAGvn0J3PqNUtyPZj45YyFg0YdJSheAQiH4JcnqhJOuxI2fjf65iMSXMRtoyzFtw/ZrjLHhswvres7CYCvQrDH53JZCe5ip2WrShkmme1WRxKsDxDt12T30FG+h2fOvRXyDKnEQ2JmtWqFJICl5gQekUhCa6jX5liAo2SSPkAEiThuRu8rW8wx8VHEiqy2JILTK9WXuG12Q+5J/KDnyCOwB/Xld/XDO0b80uPwliF+O4LI/ZrFTkWyty00JBnWYfk7AMUC+dENr536SaZW84kzG+OP600ptTiUEgUcPh7c1HIZjKWFkpyYJUoRiRYIz/wCYRliVivYvJGwYL4IKq7Agn1HlKIThVrLOSvHcf/L++uSJGDYC7EToNkyP2A6RhgCSTobIGOHyZiHB4evZpvItWvK0e4VilCRFrH8xdg/ihmPbRYoo/wAete1jshZfA3+QY+fL3YsrJlIIrE7LWyfdAyOxceShXRL+CCxPdZFJb8JCpSqdkWkRfvKuLUpKNtESdN1SzS5DAS4bHV4hXetXksrUjSQxtKpUEPGSSxHj5J8newfPol4Lzijmrleldyt+lh5JAZRjI0XvLoKsUugXCMT8jXUjTbB7LcxH1DwMWOtRXIZpM99o6JLChdTZbsEJYhWhUuN/GvxPj9elhwjCcw5nm7U+AtrdzSUzaElqdBIYyQCY2JH5qzf3BGz+j63g0lSiEm/enERSuIdtJERramPmclDX+pMdjkeTzPBOI1bJlr0LuFtQG9BGIxpRrTl2Zw5fwoA18jRh/wDUP6eD/s8d5HJH/paOn1Vh+iB7/gf2HoSi4y8ueq3eUYuzxTM4ux0MtinFZeynRT3MTEw9QWZh0BCknfYj0adZaf8A5enyCZq8P8uIx1D1KDwNaYDWh40AP8emlPITbYTbQgT7qFqTO2oyFHTX8U6bWWoUEFuSt0aUg1SsZZpPAJ6lDtgQfnzvf616q5HmeCrV8jYOSL2I60sorCORVd1QkISUX/8Ax3s7/t6Wcdu9iYqGXtUnr0cmgkeSKMDY7MdxkeFb52D/AH/zsV8tyzjsXFMnkOLGjb5d9s0ePfJwIvtSsygSt3HVeo7EdiQCvx8+nUY1xxRyTGc58I3zSQYtkTyqk1eGTE0s5lhFJaplZ60fY+wk3XSlQCdmNmKIASB2cj59cz/Ue0rZUfxG2lrOZGsOhgmEURro211vZMhdl0PxUhPghifTv43HlcJ9KaVLLZA5fMCz7r2LLozj37I25JbTqm2fz+evAAI9KH6qYK2k+MzeRnx1iHE1XoxU0RTYglNhmWYBRsq/5EbLddEA/PqQ0tDTm0TlP4HqRVhKC4CNJ9taAOfZ2LEpx/E8L+5rR0oI7rW5UUS2JyVIlJUknZT/AGA0o8fL7y9uXD8H5Fkbk12SobNG9Qxk0s6R1ovfUyjSeVl3KAE2EKs3bZ665fyeKyHH7IrvEYFlqFbMxYFZmDHs6knsq+V8DwDv11HTly+YwCYvM8L5JxrM5rETJLeuWO1SQrUiAmkYjdeSZ4gDH/6iDokt6NiQGwhYIMTJ3zn3eKwh2SoG2UDdFJ2jkpuAcwzWeqUbUgNXIV4ZK+kljtSRAxFN/i3RjCzdd+H/AH4B1ON8JGCv3JM1WjyluerXhx9YKSA8qq5ZgVAHksg2CAVkP+n0c8pw1unx2LI4WpCnLMREsw7KZpIksECRq48KShWML+JKbA8MfUPG+R/bcc4vks5xWQY3ETwY2/erX1eR6sTCRmlXpt5USyrjfjqCF8s3Qba9tooSYOU74O/dfPpbVhQQl0uETmfn15VOvNj9M+V4l70f8dFOZLM0EFjpuwIyrsjMvhO7AjsP1rWvHoJp5U2aWZqPTpS4SzasWpsPTRgaUIbsEg7jShN91AYgdNkL2160eT/Ti9naODnwTSZu5mLdxmjkA7VhXs+057H8ivSSB9k7A7fPj1Rx308ytbnv/SvJ6SY6zVd5r6Tzkq0HTZljkUnuGTRXQP6BA0R6wwyEM7K8sz6Aj2B/dcWslwKRnl6WNudEXDPpcAMpJmLd0Ytayz4eyXevJOJQOtpU6FVQr/pYjsV/YU+iOhisTh8mKOInS2JDWFizkccjJA/dmJLaPXShNHWyzFQSEG9xcTRgtQWTRNoCs01O5JN+Ygbar531YaVx1PgE/o+l/wAkz4ymTNMZTJVKFOiHqxQVUkjtWVmWQQqV6spPnbs/g/A8aM8OofJSRB73b6ZV4kxtEpj296hisUshjK0udatmVyWQmieKxTYu1fuOluJuil41ZfxYe33VWRyB2PptcKxeA5dgUvZCCeapD2pRJaMsUisuu69Q3jf4EDz+IXZYjfpU4LnlS0lrEx0rH29DGSVa8V9kEsdaNy1WASaZw/d/KgfzD40rHsCc2MljcndysOSt0WvQ+1HELRElVo3JDHoAuzvYOuwGt+PJceSRITlx7+KzO2kRY7x3NU7GGirchydGDjeUmqULUcVTMUqDyk7jSQmaQjqVRiq9U0dvvZAPrSx0uVx9qWPJ24JYgGM1E8inWKWIum3khQnayv1DKfB0AdjwRKbHcukpLYu8tlmlSo21nsLMOnd5NMXBBPYaBHYtGUHgfiK5x16lkK1bkqW3sd+0qzMtcF0IVmaNEAOn11DEgEa/foewsQoKi0WmtBJUnZVBvzo0u8X4hiHiqZGHP3JMjZS5WxoseJJm2n4KiKXXToqxoNgDeteRZx+Sr0L9+5civYDEY9YmnmpezeeASx94wxLAN3BPkbIKkHRBHrd49U4blsPJl+Y5OK9eqyusT5WeFPt02H/BU6gb0G2AW8+fIKgIbI47mWRvXpcK+dqJWWvTepj66ypACf5490iIOFJPuSD8VO/Hx6ztJcKQ9eTwjr+6RVtNAhAiO7fqte99T/eyRXE5SLKMLEApq0MUc0kaoSsrqn4xkbCN/wAne9qCTLfVZZMXciluRvFMGb7ak8LQhNFkeUfk6qewIBIfzvxo+sbjP0l4tk7OIzS5OzgcbJUhK1ILP3ssVpZQpc23UxyjQB/FfbZv6Sy+S2eQfTPJcro2JY+bXspadU2lnj+OY2BFIJo4JJkiif22dV2qsPk7OifVJOCbdWQld90z9ZoJxSUxtI+n0rnybmfF1yNiKSpkZZbzLamsSzMoWRlHuKnk9tuu/P8AUWb47aXLn4+/IOQ3L0QsRYGzNHBioooG1LM6IAqFyTrs7HZJA6j/AB627OOwVYT5RKiYv26EthEsln9wFR+aooZUclgAu/kb8E6FBsjybAcMuZqzE+Ht04L860xEQPakijr1xIxOu0c0/uKFA867fHqclIKoTEnvnVghCBtCszlma5bnsxn5sJj8fmMfQmH2lifHB+joAyj3WYEElC/VdKvdToArvJzPIsvfsrib+GlzOSNhhi6CVl6CdEb8iir3JHgoqL+WvyPkg6nAr/8A1nRyUVipj6FWo0PWenUm1YfowYMQ35/0ICu/2u/GvW29ufifLKS0rUUd6SuZDNU/ExtEp8I3kr7g/HQIO/kj1jbIc2Fp7jpWBAT5aOeO/UvjMlKrgsyMfx3Ikw1VwkknX3JnYfzVZh/PEj7PfelJPYgj0i+Ptaqx8wxtO1JgeQ1GmvzUpXXv1B/GNGVWIcbKO2x4KnxvZPrmP4raQjkNDF8kycVpp4IaC2J5oU7bLWJBpVidiq+NfJJG/Hon41wyhibuPmWjLUgeDftTQlYXCI0ZcDqCvaQ9e3keB5J3opSmxIueRi/f3oSPJN++9aHa/BZsnmatC0lkYaGlakW4lnus7zOog6rs+20UYXZ2QSSCN72YZdeCcQymFrci49lrAsRy3B/DLIBimgQBW6E7ZiGcBiQFD9TtSNfeR8zpcXeDC8cpy5/PyMrQ0a0Dyu3YqSZQm2QsGDDsNkHtvXoDg5Pyjk3L6s93FWcfcignirz42Wf7eH2w3ZSGJT8opOjkD8tb6636ywHASck/Pc17ZKj5iYPGrFLKcfONq4bDV8reyZlVrE1q20cVdl2ZJDWb8ZHU7I6jZ2Py0CPRjgsQeM5bI38RetSSQRRZDH4uOn7x+zsIELx9RsqzCQEjSbi/Ija7C2+nmIAyXJMjl8nJ/CLrX7WPsPH9pMmvKDxtT2J0QzA6Gwew0KgfxfjkVgTz44YaCDGmRrkkje4rSdEU9R7cbID4BP8AVrY16YaTthJSbgAT1jTd0pd0JQFDiZB1yNdG368P1Tw1nGXrK1czD7b4v7iB4pqzBttOG/FiT/T7Y/Eg+d+fVqX6UcyjldEy/G3VWIDTY7q5H92Ak0D/AHHpQ/SnnGKixy4/ksOczq0u4N5IZJkxqM/hpZFBcqS5AcnaEgdSNH03v4bfbyL9Ig+dtFs/8/59UiPDQE4hIVuMieskX5E9KlgkklBiiTHTQPw3K8Rz0kUVWmHjx05jLyWY2Ysn8sN+EiP8gk/iRreifSb+oV+5fhNrJR34xD0gkyCP7cczRoGCjqwY/j/Udb0Nb2R6cn1OyzwWaEcHE+RZSRYGmilpYlpITIXGo5ipK+2AGYr5Yk7GgDtFTZrDVLFj+LUcpXSsxjq15Ma0Tu6M66mUMDGQjv12T/c7+PSmNC0rSkwYsMxxEjhpTeETt+ff1/U0d/U/CULvDLmHiydFaeVet9uqxv7gWu3fWwxBlkHVhsKqbIbZI2uuaY6vk6UWJx1ibEyCZZqlgn3mktGJozIYtne1Khe39IGvBY6rc5W9dNe7FbKC6OyU7qFlCSFAI3l3pvOh7h+dKf1oWfpvP7PGbMeYrCS5QvS1JvdmMEUcQAUdm+ej7I3v/SdjyPSpUF2Ay69zTzaA0jOZ77NJTB8W++5XkZM/clgp8ZrNlMnONWTFXikHSOMEFSZHeJAXBVSXLDS69dEcksci55xHlP1Ni5VTgxeEPs8ex0Nf7s2LytGJI7BbXclj7UbAr4PuBQAo9LbGX+ZwUL/I+OZetWyP29YSTQNEDcpIvUmVHQiQmSaEMGDfkwDHyD6+PyS7kuEWXrwUqU0GSkP2GJp/arZkkXYCqGAjCHfvEEs/WMAjZ2346SBtpB0E2E+nfCl1sxKkkgb8yOFV3zmdr4eX+P2NZv3GlsrQkd44q0jkogAYKpAjmJQk/wBPnzr1gLjM1Uv1cjw6K1lKzSxzItaqVjtykFF3GTokq5RiNfJ18geoUTN556XHpko4fLZW4qPlZp4ojJ1gRKtdYAyoAgiMahd793z5Ho5x3KDlcDSvCJvtTMKkuNlgWExMuzIrOp7RKR5RTsgdtE69AcbLEuJgg2O6IFvmmmSl8eGbEXHQ1bgyM3DZ6nKsJlsjluPV2nn/AIQ9gzVklMZhkhUoN9k7IFcbVuqFh48FcOU45l/px/1t/wBR/f8AKxPDBmYnhaFQ5KlMYsLLtY0VGaKRSuykhLHsw9CPBYsVhmsf9XVbWBiCiZfZYzK8TD8q/su6KGYdCJeux0+PJHpjcR+n/As5wZcklCCxNkQ8ktppWV4ZD2TqADpCoJHgeQW3vZJy3iQEKbUJkRy3CgPNBtYcFoPrWZieX0MgZLSmcLSlj25jKdlJ2QoGwzAMD1GtAOT5U+lt9X6E8PK8YmBhlgr554Pt69WIFRNoJ1jXYDFmKvoa0T8+d+m/muF4finD8g+PaQxY6BpJWkcKJCgBJK/6QxT9Hf8Ak+d89UeaY/kHALWI5LPP99ibQyPHrNaEkoQOzwyMSNIQSA3kgqP0B6C0kl4qIkDOmlOIU2VNGIyol4VfxklLHScggpRTwxS3KUyz7frFI8Lgup/Bi6EANskHso879Vc/E+UowzNkg02UtxRwwQKNpXBUKpGyG1rejrz/AMawctSbG8XwNBlLX/4cS1YRxqYoZSWJbpoklm0SdnwAT40Cv3srbjS5Lwn+ITUYYrFd/ckq5CzWVeosqmulhQykMwDAdtdT+iKSJ8tGJ8vmoSs8PyWIzOJxuQx98x5ibpDKtFlh6+51DhlZ2OiQSrKu9D+oefTYxf0vzcNzEQckgFGTN1guYgMsitSd17RiHyQCx699kgMza9EPBuaY7OY+ixoZdakkjzRyNVl9tdjsQk3Uxgjr/wCr+retefWpzzH1uTYHLYT6f5xZMs9VrS0JSBIa4cFuj+NSeQpHgqep/EEH1lS1EbNuO/0+3Okk+VRIM0KfVT6fYPhS0cjilaxWrljNFNcP5KBtXV2G9k6GiNksNa9VePc7qTTTT4OhxmN3aIWorvvVm7ABkfqH9ptMP6gB+Q3+Pr1iOPVeSYOWvzHkGTkGZw6HHZe3BYkTG24XaQdwCV9qVCUB0SQn9yPRz9Efp1nPp1yI5Xk92KvgMhReq9aCX7iK1K7ARGYDwqAOSu9eWA2N6Jm8K0+JKokzbQZXn5tS7mJUkRExa+tYkn1VioZK3R+pFWPCxskKVHWNrMFjsxVjLIW2g1rwAdE/IGiTzl3IFh4jBWixsV9cbE6GOPJGCuYwOqLYEYLThT+ZQHRVd7O/JTyDgNZ43k4VGcRm41f+HH7dZK1eXp02UcEIum0VGwQxHXRPr1ewGSfiFbkV/Hw4TOUKZmyVSssUUGwO023BAI0CQR870fA9OKwzmGQopAsIOoUPvwpVDyFqAP6pd8ge/lMBjb2TFNUiRIYq1SAQVq/YgiKNPhfKjwCTsegz6oc5wUFb/p/lVSq+KvwFJp5Ln2v3A7CRDGx/Psrov9SgDoD58b3LOH43kOR4jkd57M0FSMS0qschFdHD945wgIHcF2HnS6b979B31Gh47ks4klXi0uTyb2hfmZbzxhWjRVjljjaSJZSAG2iSrrqD1O9+o6VoecG0TPMSI5xVII2LbPKtHi3KuK0KJxVE9KVFRDXkjl1HMASrPv5VyV7HfySfj9Kbk92Xnv1Ar4rikxipw19XMlUXvHX8sxbt/TvRX/JLD0aYCFMtZscfo0KuMxC0J5I6EeNgV09tN9iIld2mdvHUsfLD/f0JcY+pnMq8spqcVp8iFT2y8clP2ujGIOFMqa/MBlXTAnQ1/wCrZGmyXFLRBjKY9ToT1AppSghImQe+FMDiuVxX07xGOrZ/IUsUXkY9IGKNPKyNGNDTO5HZhvWz2f434KbHL6mQxkyccv2krQBJGupQAidinZRFJIvV203b8dkf8nYlW57lK+Ou5mPiWH40XrfcojTskqBX6D8AgZVRmYDz+xrwfQb9QOV835Bdo8VoLUFvIRR24oKtcwz/ACWCK5f99TsEAkeP7+sobcWrZJ3629N3CaC6kTtgUYUuNYXHZ3LXhyOZ83kEMTNk8rHNJEOpMaqfLDUh7EEHYbqANDeEsHIsLhLVrkXJ1y1iVhqhKGZY0WQRq0kvUQ9TpXCgnr/T8/A5xf6d1cRlMW2cjq3LL+5JcqIyN9uW7KFKlSdnQJKnwfkgEb6Du4fCccC53CrDQvQkTJPA7EjsCSex1vf9JB/q7EaGvPXlbBIKpyn8futIBTlr3ekt9Q4MpkePRPiYSZ8cd3agl6oVIaQkjei0ZjKjWy3YdRsjbY43hMZkMHEtjAYyXGZBBPZh6v1IZABJ1Dju2lXYJAC7+NAhdYWxZyjwO9eWxblmiikgpqiK9ouh9tBKQiD3VHlyQAT4+PTAbNT0cpxbFcsw1aRsxkkxMt/H5WRYqsxjOpK0iBduQD1B8bLejy6tSEi0HPvOIpfElAlW8TRFlud4rimOxsV+zLjsZGrValXG12lLBFQt/LUgdQGTyTryNdjv1t1uU8DtVoZ15rVjEqK4WSnMrLsb0QU2D/cH0r8viuPcjOT45eizs8eGy8lOTIyGuPZsL1ZR2lKoneNWToqjbknp29M6v9N/phDXijSpQZUQKDZuT+6QB/r+Py/v4Hnfj1Xw2ERsfyJk8fpwqO6+pJhGVMl47TpkjkbtzMAwuq0KtuSNZSqMxLMepAI8BQQBvyPA1zpyw1IuS4bH2YMTjY7E9ei+KjTUOmA0gB3I7Hs3ZmH5dyPT55dzGCJp+O4knIZl09mVl0tespPl5PA/IfqM+CQCd+B6WHIsX9LeT/8AmuRY+LFXkkMEt2Of3pbAjiECOkng7UaISMDTrvZYk+hYjwlq8JC8t5z6ndzo2GUWhtkZ95V557gJM3xLO0qrCqklWWM9aTTOyKNiOIKwUMSFHZj1C9vBOh6Qn1F4Jf4jx7hle17BfPVWyYkid1mrrOFjWvKhYjrrTCTqCWLIR+IPp6ZOSzhKNxcTkpcveuAJKwjmszyyBAqH+Zp2lbakKQPKr879LTO/S/mvH8S+dvYsRUPegyB96zGZ45ppG6wzjYdXjUKpUDS9iR8ekMM2tIWQm6Y9zffpRduwQVWJpWZqR8xi6M0mDsClxy1Ylljgb2IJ+8gllijCjtFJ7CqSV3+MXb8SPNWbkWP5T71a5UTHzqOsVaoDJAsB0FjRGYvsE72SSd7JJ9M/OfTWTH8gucqo2y1ivMsvse32jfcCsyhj/UCrHRIG/jwD6GauUh4tiMnBxTK3a0/sxWatmzXgdKjdNO6Dw6zkmVO6EqEcgaYbG/FQ6gDUfJzqh4amFFeh960cT9OuLpUpycyaVqcmLf7WOrqtZLHRin69fJX8wyzKoYEEseujpy4jHfTqnksPcvLh+VxRwi60tGQrsxdldCGMcfbuoD7PbeiRoAqyvyfPsQ006255jqaRlPeUk9tP01sbJ8edA6GvTg4rxzjXLVwEr4806GTztQcgrw3gJqyPBNCUkLDv1WRoXBB6fJPnyvClS/43V2mPweehynnXUKQTtti+7hw+oz3Vk3ePH/pXIW8rfjswJZSzVaXq5d3CKzIxBZgUVk35CspOh59UL+eXD16fEcdTp8Y5FUkmoyTxWRL94xAAmkbsR20zbKEqWKddfActn/w88j4vJfr1LWG5PiWyLiCGxLJDejSd0QA9g0LMC2j16eUB350uNkuAUci97AZfHQvqZfuIoomrPAUGldB1BDL3J+AreD8EEicYdYBQ4LHsRy3WsDXttnE+dJg9/ej3lOMw/L+P5fEZaWSahYBido3AnC+CJACPD6/uut70Dr0gaX0anr80sKuLmy2Lr6sV7BQKkR7goZ2UldkFdqx8K3kbPo4j5jYfk9ung8NLPXnk6rXgkRFhrxoEjl7EhR8EkN56gAeT6tcjyKUsxj3oVktXoYvdgsWF6xVo/cCns2j5YvvyCQFOv7+lS8QJTr3NcaQppcRxpIc2wXJ6OefPXkksJL3SrYgnFqIqgJAVou24wu22deCQ2iD6OMJHQuQYXmUeUsxDF1UpyIuQYtAxRhCEjZtCL+Q3dVALd+5J+PXjl2Rz8WK5BPgXhr28QlGeGSvRrTLeUq4eIME8IoVh1U6bYDb36DOOcVz+SSwlXFSxm1AjAMiw+3s7OkdlYDTH4B8KBr0faUpkKMbs8xaPv+a0lcmFa35dimjz+mtfH4/lGCqyxZ1cnALArSMVlOm8sqtogka2uuwIJ/yScdyD8ymrcowbWMFn6MpjmrOoP20xUlkjbWl3tW8eGHj8SSfRNhcXTOMerFFFFHVSIpGutABdAaHj5HwP8Hxv0vuWV879NsnV5HU9yzTnhs1JsfAWYF1UtWmcAaJ2zkDex0I3pvSbQU6dgZ5gzHTvKgvO+aTVLlORwMOZjq37V0o/uteQRb7LKgeMSK432bvvrvwrfr0yuGfVaxiuHYWhcxlrNcajr/wieSpE1qaIEf8AZm/LvsK34su1IKgeV9ZFriuA+pvKOS4eCSCpyG5iKGdw2QCKyy6R0kjmff5qyiID9L17j9g/fpdnqfGo5uFczoQ4qxA8c7Wqm1aaaVxGYpHcjvKD7ZV01H1Q62ACarbS2WkqaJlWYnPeD3lSS3PEJBExw+KcWI5fbihp15I+1SOMJBays8sNiyOzdFauqd1PQAl2J/uRv5FPqLyfIcp4zPhJFpYOCcxtP97YeRbUQsKoSOP2UcrvTOddwAoAIb185z9QafC6H2/HYU5RkTXVpZwIjWji90dgzo3mYqrdShHU6b/2lW2Pq3yO/DAKXGsYI5Ozv7ssyksXbqEIK9Osek7b2SCfGwPTDj2JSjwyQY3H0ufweNDaZBO3Ht9KZv0/wHGsth+U8rTHLDhsr7VXGNZrqs88dVWH3bDYPuS2JJD+tLGg/WgjufUeXQ5CXH4SKE4UxxiKGOw6z2yT+Su/hk/IroDSlAp2fPolv8uzVHExYvjd7JYmJ6ymziHkFyBEDbISXe4ooypbuNH8m2fHoSw1Wzn8jSvSr3/JkiopYUzGMCNklKlgRGx7L2Kk/AHkE+kn3g8pOwgWH17jrVNlpTCSpajfT77qLEq2cZjuT3396xbp4WKEfzTIDP3YuT5PchlTTE/6f8+sjBcmWpfyaWWNmfK2FkylGo6JWrOkQUJGoB/mICu2Lflsj/YjsYo2afP62SqQ4zGLj4Iq+QMyPHNoMwkcD8kKOVQltfhpgPBLKG6c9XrUbeNhEyURELUFQ95SjKxDIngM7AnW9jbd/wBgBFKVRBOf2BppJS4VSJA+OHzWl9RMvGnHglQx369iastS9XOkkSOVRJ7gVQQ/YMWB3ogf59XOcZKDAfUO1fxVCW3mocFXhxgaUOsEuyztICQ3YIrDr4bv8/JHrHgwVqT6c5yplYI1yTzWb8YReq1mZUlWNioCFiiuT02OzjfkN6u4SCpLPlMvkJxPDNjYqseSaXb/AMuEjRZTo942AbW99dE/I9OpUhuRnf1rEKWkTa1YFKxU4/xPjuTmxuH5BbuWZZLVqW7Is8MzuT7JHZCpK623YgMAQPB9GmAyeVtUcNl8sbVn+IxmZMfadQiSkuyn3D5bui9h3/8ASx2QATlfQ7MY/KcwyEU2Khu3M1BKIAwLfaRRxbLfB8uWDf22NMwB0WNdymLv8hj4/UiF+WXeRYxUzcaawlcLVr+2oZeqBtO21CjuCd7PrTyApewU339J6filEuwComxt+azcZjbvJMXLfkxcEda/I7TVrQEjVZISQ4YeUddrGysV/Je3jYBP36r5KO1x3hmRguQzLVae5kqVR12k0fRFkB6lo/yd9Efo/B16NOTBeM4LG2OVq3S9Y3ZXF9oytgCPoGA318EL22V0Op8HXoRTHQ5GDLNgZEt59M2tgVvvOzyU2BLxFfh0cbKSL/SdDY1r0FA2FhWnXLoD0rxJWB+PxQ99PKcnK+Ec0xHJc1XqY+7kK96+5x1i5bkZFLCSIR/gWLDz32R1JI16cMH0i+nEkEbz5y/alZAXmfkoRpDryxXp4J+dfr0PcP8Ac4PHyqbC2GrYnIyFLBsx+z7adCpWTYBRkLsGAOu36OgfSyTlmKqItcQiyIR096NGKya8dhtwdH5+B6tpxvif9aZjOZ/NT0sC5UqK7iqU8diqseNoVYlrs3tfZRVlbZ0T2fypJI35Pb/j1FT/AILxWs1mhj6WKr06x7/bwhBHWjBdl0jHwAGIHxvf79WitYyNGBEsqkMUk0ijx8hW/LXx5I+D8+hj6g28lPx61jZpp5IbdeQypXJiDxqUAj79GO2aRd9QT1BHje/VRxQabKkjKp6RtqANLrimEvc3v5Oa1Xao9CEXpYbchUyXLMhmD/GlUaYK3ZiQE/EeT6I6nHcjdwebj5Rjv4vXrmX7WjLbXuiSxMkojm0zIxJ2CND+r8hvR0OJ1THcbKUUEgmrWa2Tkey4Mlwzo6BgCAmkD615JlB8gejSB/8AywhjhkaGSAyFh2Qa1pmJ2AdDS7/+/pDDYUFKXZuQeRBykRujrNMvOkkpTlXMvHOM5j6hYJMmlvHhJLJq2oxe1ZqGJpI0M1fr+DSCIHSt/pPg/IX3I/p1ZijyuLvCUXePyqWT7ExH7dzJ1PYgGVCYyVbyBvQ166KwvF8nY5NkFo42tjaq5C37mUE8KHQlJiVo9kyd0KSA/A2CPI9UuW0Jo5c1Wy1nGTtlofYsz41G9/ssYSJQ/YqVUF/BVWGyTvfiQ/h1YdXipGz7gwRlrccN9UEvreASb0rPp/8ARbH8l4lyGlnTYxnJqVmOzUhaBld6bReXQbCSKW3+Sk6IIP6HrNzvGa/0zx+ZzMAE8xxsleJcknu+/I5BXUJJLN1VhrRQltb/ALkuZ5xNiOMcd4zh6T8hSiUjp0pqrwLGqsocSN/USxDaIb4OzrW/Qzl1rX6lsZ2pOVsiGs/W12cQSDqI287Vx7rMV14B38n110pUvxE5RB48aNh21JWAd9dCUOUv9MJoeK/UeZ464kWvhc5LXkkiuQdVAEzAbjcE9QD28aH6B9VubxplrRsSMIljiEazqnVnjGx4/sPJ1vfjX616v8RzOXynFjW5PuexDMyxWkSFFvQqT7cjAKSCAUXfw3RmHj1i8os144bNid91K8Tyyyt4L9VLE+fj46j/AG9axz/iNBtBkW58ulJIGy4VKsfalTzXjgPf/pXJ/wDT9qjTMG1if3FZNKwZgB2DkRkHZCtpRst6hyV9J+Etj8zhY4OWC1E8c5sAR2IuulZSSSysQU0RvsxPjWgzbmHw9TjC37lj2MfHQhnmnnYz9K4jG3J/fZT2PXXYkaG9ekWcJk+S46TJfajHyCFrmPhaia0pJRpIZ1J/JlYxAAfkNuNeSfU5aApPlEfAn9faqiHEuROY+la2P5DJl/qTWm+2qw4Skgycxguh1sL7ioa6xLpU9tnLtF+XiNifPj1Z+s3IrPP/AOFU+D0cneyuNvO9mwqPCytEqj29s22BZlZvOvI6/wBXj5VxVqODj/IrtGzFa5NOParyRlG9yQGTzpeph0rknfY9CGAOgZ+RkcIaktqzDg8vBFJDRksXGdcu7MrgtCOrqoYyKXLAAhB+/PtlxtYSE3+2vzluoO02vzTFYuB+reQr8cnu5uhRkTGSyxT3BuCa/ZLgxVQh+G0QWf4EabIJ+T/K83y3Jv4Nk+EyQqIZZ7FV5o4rH3WopInilhcjqpR3B870QQfSr4v9Q72NyVaxlcTicbFi8jDas16WKjgcD3AtnrIdt7rIxIcHZ8jwCT6KPp5lJM9zOStSpU58diknnjvUK0NOxUqAsqzpXkJQMFcFowCSGk1ptH06jCrPnbsZ0757qVWtIOyvSvsgzH03zGKz2JoW4ZuJ/a0YLBlilgtYwQLHJG/Zh0YESa0pOpk8goNnvJeZ8Y+r0MyccxeTxeSwpWahcmiiVLCEE/aN1ZzGHIYgnxtSfG/VTieAxXPLFxsFI9mbEh3t2L5FuqYkkKo6s3T8GCtIh1vRO9EedjjnAfay9DPtcuWMXdhew8WOqrFHfhcM8DttmKuBKezgg/vQO/TRfdS2W3EbINpIMTx/dC2Eg7aFXG7OhzA8Ew3JsTDUr5CGHmN2YolShKZUoiKX/wAxNMjaBiRWVQ2izuQFYgj0Q8j4/wDSXgfILY5RlqoieCvZpULTvLPuLuJo2I327kxt1YAhlIGgQfRZ9L+J4v6ewZylRkuPNkLxm72IC7JWTfsxsPklFJ7Enyx7DQPrb5VloZ1pYuKjWyVuZQIXsxxPGGbYVlVu2m/RJ0QO3j49HbGCba27KI6meWd66X8UpWztKA5xQVyyTjjYqHGcQx8NGHKot+WKPH6lkBiBHSJgHiToELE6BB1obO8DC18HNimt4Wiv3coMT2ZY/wCczBm7KXIG9H97VRoeCfJbdniHG6Yq37GExeTyleFYRcmoj3pnDK2+3z8p4BOlXwBrwRrO4qnkMLLHmMxXwVNZQ6Sr0UNpuzRDXgFlRk2FJ8+ASPSmMYdKwArzEXEWA56fWiMPjZjZmD1J5a+tIu59SsZxyxexktBbYyI+3irxuGe0ImST3OoUno6vLGBoncQY7Vhr99SORrDmqHIshx+bG1BG1VZLYWKcuAHDNF4OgGAUbB/E6+Op1bee9nJ5CPjeJx2MivRo1yeuiwrXUOpCGQKX9tfaXZ8gnyATsHWweWq8q+ntLICKOxgq9g2KUr20ns3bEXZZfdTTCNC8m1jYltFeyoAAZSgnw9sJsLz7Dl+cqoqHhqClC540B8hqS4niNqTrXZ5nqtLBbc+0vToZEkT9bLgHahiCew36EMvyfktPPvmaWJwaxvlGks4mqGgqdmRQVUE/iwMI2V8kMN+D6ZX1OerguNRzXkAlvsE28oVYZ5W7SSyEgBkUHROwdlfHoZp4yryzDvSv3TXyNCaKxaWn5Syv872iwKj+qNnB6Hsemidja7aKkyoi3WtkpWiBnV3imVjuY2bLScXPFLGSkfESJiZT701dI/cZVWaMIU6rotGw8aB2W16NPpRwZK/K8ln6mTW/VelHSqCpAkET+V/N1XyX0h2PA3sksfWRlHz1nm/GYMbyjF4yV4jVaDOUgtWxAx6v9shUwvEqjTwq4bZB8n0XZLHriuLX8LxFBxLictid5ZrETGYPI5keMMW1FCOvXr5YqQDoDXpowprxJAnTvvjU8naPhkdaEvqLyyDMJE330L8Zl96sGZ1JiMEj93Rtee3ssVAI2eutn4yfq7iIcNk4M9xq0lXJVHR47tSMyvIWA9lRIPCsV2XUqd/Db9VeX8fdeMQm0v8AFMXXML1shXiczVgd+4s6qpQqdr1cjey+/geoOBcVr/UP6lQ0MtVaKnFZtXckaYWFygIIIC+EUsFAA8gOda/TmGZS7C5uLe1L4lZRI0iumbkVLKV7ByNdZIQXqwXMhQeGGYhVY7jl0VQsutN8lCFJ8bDD9D+KgkT8PwiS/wCtVyFpQD+wB7Y0P8a9NbLU4c3XtUcxDXyFG9CYJ61iMuJ0YAMG0dneh5+fHz6ApvpZydZZBjPqjynHUgxFeqHDiCPf4x9m8nqNDZ8nXpxf+PKT/CqB1pVL22PPTTZj/NQR1mRgVL+90kXfnWlB8/A2W14+PUGQqJeSFcpUMkVdx9vI9kfyWA1rYA3vWiP3/b9jaP4oq+5rYLL1QqPI1vQA34PyB6rlVjKgui6YIZDv5A3rqSR/zvz/AG/XqqpIUIUJFKzGVBV3is32tq3hJIbrvJ7gr2J1iB8/l+YBUEDet63+9D1pJw8CNkt2ZWiVVCyR1W0Nk7ALEePj0RpW2hDzd4yHcIkRGjonYOtH/bXqO/FSow/d5H7hIkUsryWXjLHR8KAvz4+CR6SGBwzcqCfcxRg65oaSP1BbL8Ms03xnFLnIsc6F57qkRRRAvpV7jfVh8t2CjzsE6PoMxfKs5kLFKq+Cr15f5huNuY1AgTuhDjqTr8fwDjsQu2HlfT8yeTyluuZMOkdCrWRpx+SzGJYRvs5YaXrvx8ne/nW/X2hxCvDBE2VljFJZpJ0gsTtMJpZT7jvIda7M7E9QV3rbb8annDNuLhhNt5y99OnCnkvLQmXVfekVzO1HQiLVaFQ5lUaCpHXp/m5kYFx3O3bQI0GJOgBvXj16+n3EJsrmblW40cxrRyJedoj4sKVDDYI7NttaBGgh8ga9GnJ0x2P+pMUmPqyXb+X6xxx10UmrFGqmWduzj8fO9g7JYKPI36zsHff6XYaOS5ZjpyXrqe87A2Os0spP8tT4T+rZ14AXsfj1KUHG3VeJebDjeLc/1T6XtprZbt96P5LuPAtwYuWvK0NhobaVzswMEBI6/G+o0APjXjyPHJHN/qnyHkOHt40SQ1MPbsn3Ikq+zM1fz1hfZJKHQLKfJOwTrx6aPDZ7ue5fhMTHjmkhtWguYkKiKm9aJ37FS57yg6XzpT56kbJ9XbPB8Xy3mXJqueryAx/Ul4rU0UntSNRu1B7f5j9e/DGyk/5A8MfTuGwqlpDq4kHLOkFLSglAvIzpY8Nx1r6qcUHEayyRVsBUkvyCCVp2tRK4U/ySwVjGJF7J2/Mf0gMNMycdjMtzj6s8Or5ykKcVaiMtyE4W0RBWhihavCqS77exJ7Yf2/JIZt+d6zIeNZXjP1fTGY37DBrxzDfy/tHZpLFFwR2kkZdtM/uAOSF67HX+kEaH1do3+J8IwfLab+1PmKjY7IxncSzQ2oiFrSDsO7IdOhPlWDA7Dken4BfCAMrm3QfJoO0Q3tk52476DPpHhn5Ll+R47i/3F/G0z/FMdP3YR1mhsEwSxQMSQ0nbTRg6dGcHZ0CSc+wN36qcnrZVbGOhxuGx0MwhzDSJFftvMxnq9o/zCgBB218Hfj9ML6e/T/JfSjg/K3tQqOU3AypdryrIiL1QRqraHUh2kDbB/JAdEBfUXEqX8DoQ3KMdgV57lqzX+7rlS3tzGMuwfZ2QFJBJ+D8+gYkpw6wpKbxJ4aWHzRmz/sJMm+lcyZOCSvyOzib9e/xzEWbUM0mMnupYMXtoxV0ll6+58v0J0SG6kkn1Lx6PI5/AZeib9avh8JXbOW0khDqsoVYE6hVD9nLBP/SBst8euvaPD6EXLLNHk2KxObkv4Izq1mBJRGqWVRo17DtoiZXJ0vyNa9JrlGCr/S36i43A4/N4Wvx69BYt1q+YhkmjrRz7iko2J0HZasraPZuwUorFQV7Gk0lZbCliDqKSUvzECiD6H8BwXJOLRZXI8axOXW3Z9uaTIXxJJC0X4zIsaRA6J6sEdiBtST59N4/TfhKrJGvFcNUSbSOKlc12lBOyP5ZXfkA73vx6U+N+veK4Pl14dk+ArxXE4yQVbUVa69hqkjEFpdBdSoSwO97ZfyBPj10SLSV3lh+4BMZYOscOlHX+ogDxrXpmExQTMzSm5B9MhHXyEFTP53C4Yy15sfShstKu+v8AMUO+5Ih7iKy/n422h59URx3m+OsQch4kYeSXlMkfs5a51keE7DLGSPLE7I/JTvZ3+ifbsZrIR1Z5Qldn7sP6AQP/AL7I+BvwT6Xf105Td4JRx9Gjmclh6M1e07Q489Lttgp0e7KEhhQ6DSAvI/bQVfD+pCUJff8AHQnypyyEmc6aCiE+GTn8VkZv63Wcji4rWN4zZx2Qew1Zo8hKJOoUkHoilTI5O12xVFI8sx0pDstz+Dm2Wloy5GXGWpEdpkWEg1o/yLCMKX/pQbH+vz4/IaG/xb6RZjO8OvUsvi8JjDk8dC9W1asySOgkDuJB1bcbxjq5Dhge3yD4DH4rxds3xaCnHVoYPCAxLbs4qA1jmZo2Kl1dtusY6/1NtmJJGho+uvYdT0lYubxy3ncPbiaM2+lkgtZDX7D80oZlwsD2m5FHF/Daxm9+tDKZ/cgA6lWbfkN8l38jRGgQR6oQ8jpWcDBY41x+PDccx1WazcgSr/NsSLGCYIEB8K3Vj7jKCR18b+Gb9UoK3K7n/RXEOP1crlaEkCSWTR3SwsTOJfdkkBAJ0PFcj8tknY+YeQ/S+XH40pgrMtqnXhWw0x9tJE/EqdJ4DgeW1/6fHn0hif8AHuIBUPNR04tDkAiDzpF89ju86o8YpSSVshWjSf35IXNiEyFwSqyaChvaaMlW7FQQN716o8HxclH6iV/45LUwjSKcRlA86LC0aUW+zPckKFZq8altAkr/AHZgT+xiYcDx+taltvHirSRR2/fCzyUMgmg46rp0UjThwzKARrQHUqbmGKlGfpZHJ3lymGsR1rFq1SDNGqgBmjeAlmSZPG0de3jYHrA25KQPLu9PvTe0hSBofg1q8wixmZjg5J/CrORS7Ujkr5WpO5gLRHRWai6lo3UL/ofUgUsuzv0XcZTK52tQyU8a0qdWu8k1+aw9ZdxqzpGIZGPUO7IXkPUBQQPBI9ZP0+H3WahxMUn3P8Up+x7bo0je3GzNHKgOo9oTGHOhpXPjzv0dxcUpcV+nXKcdlLN0Y+xUsia3G6tIyyIntvCD16ISwXoT40xLHtoJu7SoJtzrO0E+VJvQnU5dJjcJWhq4q2nIa8Cg+wv24j7JtpWl2VEWy/nTHatvfyTH6YWslhseeU2+LT0MVnixmy+PoyST1mUr3kMC7Jpy9O3UAhXZyp69QKX0XqwjmeQys+Plp1a2NMM1RZFnEsxRIj3DkIUCo2/BAJHUa+X1LzUVa4tGSvjq8a9GknYRpFrfjZI/QGv2dHQ0PVTCOYXDAqCrmbZ5elIYjbdOyBatGHI43KU47mHu1r9ez/2rELiZHA+dEH8SCNHfxoggH1+XJVo1CfaKeo1sTN5/+/qpxy5Zyle1k5ooqNe/aM0Ke2VkkiChfflX4V3Kk68HqFLeT63RerAACMHX78j19ElW0kK31NnZtVpHSYCSKrCFAAYsnQkA+Cu9E/8Az58n15jRrZC91CReG6MCT8Eb8sT4/wCPP/Pq8FmkqSFLUsO2C6jVNflrZ0VI3/n59VIKa/Y0LmQkmydmVpD3tSkhfLDSqulUaAHgetVwio4Ui8Ozx2DIxCyRCJm0N/32fn/HqKxhJ8haE2TikMcfViHZIoyPP4nRGif8AepopRHCixIE7ohJVmHyPI1vWvVZHV3jT2YlQSlgoXxvR869BcZS8QF3A00rSVFGVe7WMq26E2OEEUOPmR4pFhkV2CsNHr+Z1/cnX/HoayXMKFW/Ph8GZbWSoNHHkJihX7Xcf4r21szEdTrXhWJJHgErkkA6yRRxxM7FfwQaAXWgN/HrF/6axOOvtDjKENNbEzTWGjB7TyuxZpHY7LMSf38fA16DiZQ0dixMCuouq9C+Ew121euZe0slexYiNOrF7g6yQdg5dwp/9egoPkdWOh29BH1Gx9vLZDH4rvVhpx5qtHNeMXu+0yuFlcj56+SNHeydHQ2fTwy5avjbk1ZjDIsA6lAPx/mqnj/hv/kD+3pafSfB1r/GeE5O4009nOxzZG4HkLJ78k3YsqnwOpH4/wBv8nz6kLwJQlKkm4I+fvc04jEXM5VS4pbpRfTm7heW4e7ynNUOU5LHChH/ADJrNlHL+7Ex19vF7bKxk2oX5JJcbDfp5w7kHOIshPWtmiK1eu9TJV45IkN4MG+3jMniUV3U/wA5dqSgIH5ej3hVSjmPrD9YnymOq2pHsY6s7up20JiQtGdH+lmRSw/etHx49FP0boRYX6Z8Ux2OLxQJUeZST2YPJI7MRvY+T8a14+PVleGaWRtJuNdfXOlA4pORpG/RbHZDO8g5Jbztxr+Tknr4qW7M4m90x95ZtuhPcN1TbA6Pjyf107OkGR9o3KMV725VkEb1RIY3HjsA4ABUEgH/AD8+k/8A+Gaks/BJ8hK5NmxctzSkIgDMZtHY661+A8fr4Gh49OaNO8q93Zu35eT8HY+PWmUQVL1J+LVxapgbq/LH7sBFiJxBIGXq+h3BY72Q39vVXIYyDI11rOsMIXZhC92KuEKqRrwAO3q5X0lSMBR1aEsy+dEDz1P/ALd/r1RhtljUCwwxDZUe2nXqAw1rX+/oykpVYjO1YBIvQrhac8nLcZdMbS16uIv48gH/ALbtNE6pre9n22/LyNAD0LfXj6WZDn4wN7jv2EljGxTR2K087JLbhfoyRI5JUEN2O28bf58a9H9lRTuSiH4liE79vPZ2Ldt/7+taSILBG5eR9zLH1ZzrXX//AJ6UwqvKW1Zpo7xk7YtNcyfTvjmB4VyyDB/XXjVOG5LEtnB38rP70MSoxURPqQxdNrtS39JPkAMPXTl2GS7En2c1URSAs7PXEiOT8OhQ/oEnfkeR6U3/AIjMRTyv0pmu3Ig9jHXYWqt//TEjGN0389SNbH9wD63PoRnLnJfppg58u6yzJYtU+yKI9xwP7cewugT1ABP71v00pCVpKTQp1o0WGHF0g6fc2rEKGZkqxCWSdgvkRrvezrSgf8+ufovozmPqVyzNZ7l81/j+EmfrSilqihalYovVvty7rGitrsW2ZCPgefXQfdmjZo+sQWRUCrGpGv8A9QJPqSH+ZVkeURyMGQbMSf8AqH9h4/49cSlKRsgQBXiTFYvPTcyOLlxcTtHNmXFQTdjJGgYjswXrtvnx1Pjfj49Zn1F5LF9Ofp/ms9SeGtNSqrXxnvxLppxpIV0f6vILEePCnfrxBKtj6j1Q8EI6YyfrpN9SHQAje9EBiB/g+sv6z0YM5xnCYXIRh6eW5Ti6dgjw4R5CGZT+m0SN/wCfQm5UtTh5en7ravLCetaX0v48MNw3E9Cj5HIouXytlbfu/dXJx3eQt4X4YKuvACgD49GkMCxwaYoFPYOAV8gnf7Hk62PJ/f8AjXqJa0FeutSCGOKtVCwQxogHSNNIq7HnwqgfP69ThGaORlkZDsgABfAA/wAj0yMqDSn+pXFo6mOv5rFznGVYYXmtPUj7NV3+PuxgKdrpj3QfIOhonfpN8HxM+M+sGE5O1cNirVxJpLGi3UTxlRIzEDqFMi/ifKD9n59N7/xA5C3V4NVqxWJBHeyNatYIOi8UkqIykjXghydfsgb38ehLMVIcDyaHCUUBq4iW7Vpu/mVYIrMCxxM40XQLYkUq2wR13sopEV8JZcKm7Rcj3qgCVMAKvP6ph5vAY3jgzGSwjx467k5y12lXkPt2JG/GR+hU9GIAJI6rtN6JI9YeSnr3eBcuMlanblqYywblWaf21YSRGVCwUdkGm2PH5Mnz5J9EdW08+Ev4+RUaCnfFKJmXs/tezFNoudnw0pA/sqqP15weJ0Ih9b70SllhscSRpYvHtuVkXXZNdWHk/wBQOtnWtn0B5s4rGAAwNkH3rKFBtmdZpe/TlbFb6p4rCyYe6aM1GjYavYrqTX6UI19/bggqH7qSCdg62SN+uhG47i/4tRyH2ep6aSpCPYV40DlSWAYeGHUaZSNbI+D6E+dYKnH9R/p3nY1ZcgslymSD+LRLVkcKV+Pkn/58+hnmfO8ng75THJXjWIMwHVtHZ1ojtrWv16spaQk2AzmlbqME7qcU0x7lo43Vjti8gjAYnfkAeT/n1Is7Kqg9QQPjuvrk7IfWfkqzGMfZa+R/JPyP/wBXrJP1h5QxJNqPz/7W/wDz6YrJTFf/2Q==', 'DEPENDENCIA', '9831234567', 'correosargazo@gmail.com', 'Heroes', 305, 0, '77010', 'entre Justo Sierra y Bugambilias', 'Edificio color blanco con puertas de cristal corredizas', 1, '2018-11-08 13:44:53', '2018-11-08 13:47:23'),
('4a76c7cc-2dab-41fb-95c0-fb40bdb4bcd1', 'Limpieza Costera SA de CV', 'Roberto Trejo', 'LC', NULL, 'EMPRESA', '9831563996', 'limpieza_costera@hotmail.com', 'Heroes', 0, 305, '77010', 'Bugambilias', 'Frente de Nava planes', 1, '2019-02-13 11:43:28', '2019-02-13 11:43:28'),
('7df86d7e-7f0f-4cef-af2a-b28e9c9ece31', 'Servicios Profesionales de Sargazo S.A.C.V', 'Carlos Eduardo Peña', 'SPS', NULL, 'EMPRESA', '9831039027', 'chulimcruz@gmail.com', 'heroes', 0, 305, '77010', 'entre justo sierra y bugambilias', 'tenemos 4 años de manejos ...', 1, '2018-10-05 11:43:51', '2018-10-05 11:43:51');
INSERT INTO `cat_entidades` (`id`, `nombre`, `responsable`, `abreviacion`, `logo`, `tipo`, `telefono`, `correo`, `calle`, `num_interior`, `num_exterior`, `cp`, `cruzamientos`, `referencias`, `activo`, `created`, `modified`) VALUES
('f2972de5-2a45-485c-a1fc-db109a204ebd', 'SM2 Consultoría Integral', 'Sidney Vivanco', 'SM2', 'data:image/png;base64,iVBORw0KGgoAAAANSUhEUgAAAkoAAAIXCAYAAABjM3GwAAAACXBIWXMAAC4jAAAuIwF4pT92AAAKT2lDQ1BQaG90b3Nob3AgSUNDIHByb2ZpbGUAAHjanVNnVFPpFj333vRCS4iAlEtvUhUIIFJCi4AUkSYqIQkQSoghodkVUcERRUUEG8igiAOOjoCMFVEsDIoK2AfkIaKOg6OIisr74Xuja9a89+bN/rXXPues852zzwfACAyWSDNRNYAMqUIeEeCDx8TG4eQuQIEKJHAAEAizZCFz/SMBAPh+PDwrIsAHvgABeNMLCADATZvAMByH/w/qQplcAYCEAcB0kThLCIAUAEB6jkKmAEBGAYCdmCZTAKAEAGDLY2LjAFAtAGAnf+bTAICd+Jl7AQBblCEVAaCRACATZYhEAGg7AKzPVopFAFgwABRmS8Q5ANgtADBJV2ZIALC3AMDOEAuyAAgMADBRiIUpAAR7AGDIIyN4AISZABRG8lc88SuuEOcqAAB4mbI8uSQ5RYFbCC1xB1dXLh4ozkkXKxQ2YQJhmkAuwnmZGTKBNA/g88wAAKCRFRHgg/P9eM4Ors7ONo62Dl8t6r8G/yJiYuP+5c+rcEAAAOF0ftH+LC+zGoA7BoBt/qIl7gRoXgugdfeLZrIPQLUAoOnaV/Nw+H48PEWhkLnZ2eXk5NhKxEJbYcpXff5nwl/AV/1s+X48/Pf14L7iJIEyXYFHBPjgwsz0TKUcz5IJhGLc5o9H/LcL//wd0yLESWK5WCoU41EScY5EmozzMqUiiUKSKcUl0v9k4t8s+wM+3zUAsGo+AXuRLahdYwP2SycQWHTA4vcAAPK7b8HUKAgDgGiD4c93/+8//UegJQCAZkmScQAAXkQkLlTKsz/HCAAARKCBKrBBG/TBGCzABhzBBdzBC/xgNoRCJMTCQhBCCmSAHHJgKayCQiiGzbAdKmAv1EAdNMBRaIaTcA4uwlW4Dj1wD/phCJ7BKLyBCQRByAgTYSHaiAFiilgjjggXmYX4IcFIBBKLJCDJiBRRIkuRNUgxUopUIFVIHfI9cgI5h1xGupE7yAAygvyGvEcxlIGyUT3UDLVDuag3GoRGogvQZHQxmo8WoJvQcrQaPYw2oefQq2gP2o8+Q8cwwOgYBzPEbDAuxsNCsTgsCZNjy7EirAyrxhqwVqwDu4n1Y8+xdwQSgUXACTYEd0IgYR5BSFhMWE7YSKggHCQ0EdoJNwkDhFHCJyKTqEu0JroR+cQYYjIxh1hILCPWEo8TLxB7iEPENyQSiUMyJ7mQAkmxpFTSEtJG0m5SI+ksqZs0SBojk8naZGuyBzmULCAryIXkneTD5DPkG+Qh8lsKnWJAcaT4U+IoUspqShnlEOU05QZlmDJBVaOaUt2ooVQRNY9aQq2htlKvUYeoEzR1mjnNgxZJS6WtopXTGmgXaPdpr+h0uhHdlR5Ol9BX0svpR+iX6AP0dwwNhhWDx4hnKBmbGAcYZxl3GK+YTKYZ04sZx1QwNzHrmOeZD5lvVVgqtip8FZHKCpVKlSaVGyovVKmqpqreqgtV81XLVI+pXlN9rkZVM1PjqQnUlqtVqp1Q61MbU2epO6iHqmeob1Q/pH5Z/YkGWcNMw09DpFGgsV/jvMYgC2MZs3gsIWsNq4Z1gTXEJrHN2Xx2KruY/R27iz2qqaE5QzNKM1ezUvOUZj8H45hx+Jx0TgnnKKeX836K3hTvKeIpG6Y0TLkxZVxrqpaXllirSKtRq0frvTau7aedpr1Fu1n7gQ5Bx0onXCdHZ4/OBZ3nU9lT3acKpxZNPTr1ri6qa6UbobtEd79up+6Ynr5egJ5Mb6feeb3n+hx9L/1U/W36p/VHDFgGswwkBtsMzhg8xTVxbzwdL8fb8VFDXcNAQ6VhlWGX4YSRudE8o9VGjUYPjGnGXOMk423GbcajJgYmISZLTepN7ppSTbmmKaY7TDtMx83MzaLN1pk1mz0x1zLnm+eb15vft2BaeFostqi2uGVJsuRaplnutrxuhVo5WaVYVVpds0atna0l1rutu6cRp7lOk06rntZnw7Dxtsm2qbcZsOXYBtuutm22fWFnYhdnt8Wuw+6TvZN9un2N/T0HDYfZDqsdWh1+c7RyFDpWOt6azpzuP33F9JbpL2dYzxDP2DPjthPLKcRpnVOb00dnF2e5c4PziIuJS4LLLpc+Lpsbxt3IveRKdPVxXeF60vWdm7Obwu2o26/uNu5p7ofcn8w0nymeWTNz0MPIQ+BR5dE/C5+VMGvfrH5PQ0+BZ7XnIy9jL5FXrdewt6V3qvdh7xc+9j5yn+M+4zw33jLeWV/MN8C3yLfLT8Nvnl+F30N/I/9k/3r/0QCngCUBZwOJgUGBWwL7+Hp8Ib+OPzrbZfay2e1BjKC5QRVBj4KtguXBrSFoyOyQrSH355jOkc5pDoVQfujW0Adh5mGLw34MJ4WHhVeGP45wiFga0TGXNXfR3ENz30T6RJZE3ptnMU85ry1KNSo+qi5qPNo3ujS6P8YuZlnM1VidWElsSxw5LiquNm5svt/87fOH4p3iC+N7F5gvyF1weaHOwvSFpxapLhIsOpZATIhOOJTwQRAqqBaMJfITdyWOCnnCHcJnIi/RNtGI2ENcKh5O8kgqTXqS7JG8NXkkxTOlLOW5hCepkLxMDUzdmzqeFpp2IG0yPTq9MYOSkZBxQqohTZO2Z+pn5mZ2y6xlhbL+xW6Lty8elQfJa7OQrAVZLQq2QqboVFoo1yoHsmdlV2a/zYnKOZarnivN7cyzytuQN5zvn//tEsIS4ZK2pYZLVy0dWOa9rGo5sjxxedsK4xUFK4ZWBqw8uIq2Km3VT6vtV5eufr0mek1rgV7ByoLBtQFr6wtVCuWFfevc1+1dT1gvWd+1YfqGnRs+FYmKrhTbF5cVf9go3HjlG4dvyr+Z3JS0qavEuWTPZtJm6ebeLZ5bDpaql+aXDm4N2dq0Dd9WtO319kXbL5fNKNu7g7ZDuaO/PLi8ZafJzs07P1SkVPRU+lQ27tLdtWHX+G7R7ht7vPY07NXbW7z3/T7JvttVAVVN1WbVZftJ+7P3P66Jqun4lvttXa1ObXHtxwPSA/0HIw6217nU1R3SPVRSj9Yr60cOxx++/p3vdy0NNg1VjZzG4iNwRHnk6fcJ3/ceDTradox7rOEH0x92HWcdL2pCmvKaRptTmvtbYlu6T8w+0dbq3nr8R9sfD5w0PFl5SvNUyWna6YLTk2fyz4ydlZ19fi753GDborZ752PO32oPb++6EHTh0kX/i+c7vDvOXPK4dPKy2+UTV7hXmq86X23qdOo8/pPTT8e7nLuarrlca7nuer21e2b36RueN87d9L158Rb/1tWeOT3dvfN6b/fF9/XfFt1+cif9zsu72Xcn7q28T7xf9EDtQdlD3YfVP1v+3Njv3H9qwHeg89HcR/cGhYPP/pH1jw9DBY+Zj8uGDYbrnjg+OTniP3L96fynQ89kzyaeF/6i/suuFxYvfvjV69fO0ZjRoZfyl5O/bXyl/erA6xmv28bCxh6+yXgzMV70VvvtwXfcdx3vo98PT+R8IH8o/2j5sfVT0Kf7kxmTk/8EA5jz/GMzLdsAAAAgY0hSTQAAeiUAAICDAAD5/wAAgOkAAHUwAADqYAAAOpgAABdvkl/FRgAAi41JREFUeNrsnXW4H8XZhu8TdyUhgQRCEiRIcHcpUChaaIHiTqFooTiUUooUirVQihWKUwoUKO7uGiQ4JMSdeHK+P945X06SIzu7s7/fynNf114J4ZyV2dnZZ2fe93lramtrEUIIIYQQi9NCTSCEEEIIIaEkhBBCCCGhJIQQQgghoSSEEEIIIaEkhBBCCCGhJIQQQgghoSSEEEIIIaEkhBBCCCGhJIQQQgghoSSEEEIIIaEkhBBCCCGhJIQQQgghJJSEEEIIISSUhBBCCCEklIQQQgghJJSEEEIIISSUhBBCCCEklIQQQgghJJSEEEIIISSUhBBCCCEklIQQQgghJJSEEEIIISSUhBBCCCGEhJIQQgghhISSEEIIIYSEkhBCCCGEhJIQQgghhISSEEIIIYSEkhBCCCFENmlVqQPV1NSotYUQ9ceeTkAHoB3QBVgKaAt0Brq6f6v7s7P7+fb1fqct0AZo7fbXqt6+WwDz6m3z6/19NjDLbTOA6W6bCkxx2+R6f58OTATGup+fAUwDZla7EWtra9WThCiKUBJClI4OQG+gH7AksCLQF+gIdAd6OiHU2f1cx4xfz4h64mkiMN6Jq8nAx8DIetskQCpGiAJQU6kvEs0oCVFI2gPdnBAa4MTQBsBgbManAzYT1LEEH2Y/YjNNP2KzVeOBV4APgS+AUdis1I/YzFZiNKMkhISSECIjYwU26zPYbUs5YbQqsBa2FCaa5zPgXWA48D3wLfApNgs1Q0JJCAklIUQ+6OAE0drAhk4Y9cVmjDqqeYIyHPgOGAO8h81CfQb8IKEkhISSEKL6tMOWzlYA1gR2BpZzgqirmqfiTMeW8CYBjwEvYDFQI7DYKAklISSUhBAps5ETRf2BocCmWCyRyC5vA29gs03fAE/X1tZOVLMIIaEkhEhOb2BdYAdgFSeOuqtZcs072PLch8BNwOfAXDWLEBJKQojm6QcMBNYA9gRWxzLUZAlSTKYDo4F/A88DXwEfIYsCISSUhBD/z9LYjNFqwPbA8mqS0jITuB94H3gaeE1NIoSEkhBloyWWibY9sBeWrj9IzSIWYTw2w/QMcAfwCTGsCISQUJJQEiIXzyy2jLYWsDuwLVbCowhMYkE5kZksXGpkNlaGpBYzbxzn/q3u5+a6/1f35xwnJOu2Fu7PVpgRZp0Z5hAs669mkf/Xxv17eyz7r4P7e96Zj/k23QG8iNkRTNBjJYSEkhB5Zxks1mhjYAvyGYj9HZbiPgqb5ZjgtulYUPIPWEmQqZh7dV1dtTkVFqLtWVBTrjMLas31wGK/urm/98CC5Ptiy5x5jP96Gcuk+zdmQyCEkFASIjf0xdL4j8AcsPtm+FznOMEzC/MAehPz/vnWCaCRLCjfMQObBco7LbFZpw4sKOOylNsGY6Vc6gr91v1cVpnqhOztwH+AL8lA0V8hJJSEEIvSA9ga8zU6AJvNyKIoGu7EzwT3gn0BWxL7AZstEkZ7J5b6Y67mq2Ozg72wrMQlMnreT2KzTK9gy3NCSCiVRCi1c19+Pd1A1RWLP2iHTZu3wGIcZrsv36lYpfBxWIXwaSgIUqTDYOAgYBtgvYyd2xTgOffC/A7z6/kcW0KbrVsXi54sKCLcz/25mesHWWIkljX3L+Ap5NNUdtq4rbV7Z7Zyf6+L8atxfWQuFg83r947tS7mUEIpQ0JpWfclNwgz2tvGDU51N7buRtcFetan1t3gum12vb9/6r6c614WP2DFLcc6YSVEVHq4vvk7zCW7W5XPp9aJn8muX9+BLaHVzRLN0S1LlW7Y8l3dst2WmOVDL6pfX28WFl92NWY78JVuVyGoS1bohsU9dsNmsZfAlvp7unGqq+uX3ZwYauH+rNuo9/e6pIu6MaVum+9E0wduTBnlPrxGucmIsW6b5N61EkopsSawOeY6vBOVm9aegpUX+ByLyfjAbV+5ziFEfdbFstV2w4rOVpPRWDDv15jXzstYfIrIjpheC5ttGoh5ZA2t8jlNwmaYXgDuQaaWWadtPeGzgptEqEtGqCt2vTzVj6Gbj81af+omH4Zj7vOfs0iNQwklf7oC+2IZQSsCfTLQMedhtZhGO8X8APASNo2tr/JyUuME0slOzPeq0nnMwUpe/Bd41w1Kw9Uvc8NSwEpu28Ztnep91VeaV4BbgRvQMmy1aYnNAC2HraSsjDnz98Zmibq7v+eJsSyY0X4OeBAYRoWX8PIslNYADsMCXjvm4IbPwKYY78T8Sz7Rl3spWBpYBzgWC9CutOfRPNfXRmNLJg+g2KIiie9uWEzbwe4FuRzVCRD/AbgMCwJ/V7cmdepi3Ppgs0QruXFmJRaElhSR2e5d+h/3Lv0cC4WRUFqENbF06QOwIOy88g22zPEJ8Cjwup79QtEHOBTY233ZVZpXMSfmN92fqjJfDtbHZizXBHatwhg5C5thut31OxFGEC+PWYWsjC2VDcZmqFuWvG2+rfcB+HRqR6mtra3IFoC2wNHAGBYOECvCNg5bi/0TNlPWUWNDbukLXIzNFlayD00FPsOW9tbG4g9EeWmBuY7vBjyO2ThUsj9OAR4GNizw7EYatMKW5ddwz/JLWLzriAK+90KPf29gq0ydyyqU1gaeLdFNfx84A8t6aa+xIxesDVyA2UpUqp/MAJ4A/oJNuQvRGJ2BX2NLFl9VeDx7FPgZ+XQur9Rs0e7Ab7EYnOkSPom2L4AjsQzS0giln5dYTc/H1vwvxrJdRPZYCbgOCzasVL943Q2qP1Hzi5h99hAsc21uBfvtI9hSdNnpDeyCWS086F7sEjjht7fcx0FygZ5hodQSOB8L3kpTiMzB1tVnui/0uiKb8zJ20ydgy3OHYpkvoroMBK7Hlk3Tvvez3SzAZZizc1c1vwhACyxV/EAnviuxPDcXi5v7KeWYLW+BGYpujK0SvINlP8+SkKnY9o6b0Yw/7ZfRYO72wJVOFIRgFpYGPca92KZj0fIjWVCfqs5QsjXmPNreTVcvzwIH7+5u64mVJKjW2vt49zX4HPAQSu2uJGu4r+ITSX8pYQK2bPFvd5+VqSbSZFVgP2A7J8jT5nHgWmw5sEh0ArbCUvTXBnYmjbgZ4asB/ghcQpwahhmcUWoD/D2AihzjHsJDgE2wNO2kXzBtsUC75TEDuAOAc4DbsJTraqjl57Cgv956FlJlKSfeR1bgnr4NHE71zShFefv6rlj2WiWW5h4n/8vIvYC93AfsK5rFyez2CJYRmvsZpT8DJ8U8zGgs5f4frrNOqtBDUoMZevXCTC+3BLbAMo/6U5kgxklu1uFqzMdkFiIEy2AeNcdis4lp8T1mpHaJ68PT1fSiytRgvkzHY4Wa07S5mO0E0/mYQ3zW6eHaZiP3UdPPvQNa5HzW5UcWrLLMxlYrvsGMHyezoP5p3c/NZMEy4jwsnKUFC+rAtXOzaZ3dTFsPbLl3GRas3HRwbVcpK4sxbkx/OK9CaQ/MRMrXG2IKcBNwI5YxlhX6YCaDG2DTsJul/LKt40GsgOXt2FKjiDcQHooFAy6b4nHex8pA3EEFjNOEiEkbN2OyM5ZgkyY3YasKWRNM/TC7hWWwVYoNcnovv8NKFo3B/NUmYdYio1gQnjLFiaKZKZ5HOzfO9nITCqu5P5fEZn2WS/HYU4DfALdE+ukMLb2t6WaEfKfS7sTW1rNOa/dF9nNsenYS6QeMD8NS1pdE+HxF/wSblUszOPt99+LpqyYXOaKFm0W5nXStMMZiwc/dq3itLbGQhiOw7OPh5GN5aR6WmDTenffl7oNvd/exPghzdM/q7FdLJ5K2rDfzM43wy8AzMd+l3AilbphZlM9FjsaWQ/I61dkB2AG4F0tjTPPBmYYtaa6jcb5J1sZcXuenOPjf475E5Skj8k4fbKns/RTHrm+xWp6dKviSXgfLBHyC7Gen/egE3CvufC/EMgoHY8tZNQXpa12xuobXY9UsQn60HpIXoXSK58V9jNU3KgodsWyT8920aFoP1XQ31biPxviFGAL8NcUv5KnApVh5CSGKRg/gGCwJIa2x60nSXfJbHTgby8DLuuHjy26W6ARs9nsA+Y6N8qUfcJSbZAjRnpNozj4gA0JpQ2y90McTYeWCd4KNsYyTtDLp5mG+KT+n3OVS2gO/SrGdx7ovvEF6l4oS0BPYE3iPdGZlZwPXYDEtIZ79Fd1H+tvuWc2a2fBkNzY94oTo5u7d101dDbBwlnUx+5QZCdt7HE2tuGRAKD2LX8xNmUo1tAUOAu7DsqLScnn+lZumLRPbYUU702jTL4GLUGyYKC8HkF7ZqTFYJt4SMc5rQyxkI61nP8n2vTuvG137rYrq5EVlCyyBKUn7v0djZs5VFko7YQFVUYssblDijjDUTbV+mtJD+qKbziz6FG4391Wahj/MeOAsVHdNCLCspn2wpaK0PvI2inAeywFnYvYpkzI2a/Qc8Adgfyzrq626TaIZpuNJ5jB/YRaF0j8jnvxcJxKEZYFshAUFj07h4f3YDW7dC9h2+5FOXaURWHZhH3VPIRajI2b9kkYM0zTMO27R2aVB2Ez5K1S2DmNzZag+xYyQd8ECrjuoewRnFeCFmPdojpvAyYxQGgL8EPHkH8TfW6kMrOgU8EspPNRvYKmZRajHtBpwQwptNAorWNxPXVGIZqlxY8qLKTyLb2LLVQcBN5NujVCf7QMsgeYPWAxMjbpBRejpJhPi3LP3WdT8sopC6dSIJz2DYmW4pUEPrOTA44QPonzNDT55XJJrjy2Fhc4knIsVqF1VXU8Ib7q7MSWN2d1qb3OxAtZnYGn6+oiq7kzmv4i3JHpEFoRSe8wfI8pJn6r7HZlWWBbAfYSvBP4eliWXl+KOawL/Jfw0/30oBkmIEHRwgiLvgukT4H9O/A1Ay2lZoh1Wi9X3nr5F/fCTKgmlDYluNra07nUsNsaqJYcehJ4i2z5MLYHf4mc5EWV7lfwX7hQii/TDjATzJI5exLzRDiZe9p2oHD0wHy7fe7xftYXSdRFP9FLd48QsgxVt/DrwQHE3lomXJZbGaqaFTtk9wj1sQoj02Axzl07LGT/pbPJ7wIlYKEg33a5csSxmK+E7q9S+WkKpJWYaGcWa/ae6v8FoDRztZkZCprdeigVLV5v9seyzkOZ2f9WAKETF2QeL86m2OBqDxX2eg2WoKRA73xyOvzHlqtUSSlsRbVnkLWS2lQYdsOyQkJlyo4A/UR2DxX7A3wjri/QIVodPCFEdVsIyStMsvNvY9h+ssrySiIpFG+BRz75wZbWE0tkRT/Aa3ddU6YJVk36HcFPd32LxQZVaptoYc2sPKfj2oRiWCEIUgVVivNzilBp6HSuEO9i9UEUx2RI/64hh1RJKV0c4uXmogGglCV1u4DNgrxTPtz22jDiRcMts1wPLqysIkTlaA8e5cSV0cdmTsDhOUR6e9+gjU4AtKy2UOmBrvlHcMbvrflaUjm425S3C+YncA6wV+Dz7Aw8EHCyfR9lsQuSBwVhMZEhT3U3VrKVjT89+ckGlhdIKRPP3eR3FJ1VTMO2HOcqGyha5xg1ySfkl4YI8J2CFazvrlguRK/YIOD7NBi53454oB0sD4zz6yM2VFkqbRDyxM3Uvq04bLKAx1AzTeOAU4jl8t8SM6aYRbspdS7tC5JcuwFVYmEaIMeF/WPFcUXxaEr3ObC3wYaWF0s/xNXoS1WZJLK1yFOGWunxsHzoDNwU69kzgd1gdICFE/tkGeDfQ+DDMfcyL4nOyV9+osFA6IeKJba/7mDm6AxcAkwIMSPOAu7Cl2KbYjHAVx1/CrCmEEMWit5tdmh5gnJiKzV6rCHux2QGYlVWhdBHRlmhUbDS7bI5Vww4hXr4CjmXRSs3GXoFmseYBf0b1l4QoOrsBwwONTX/HlvdEMRmMT3mvCgulmyOc1McoXTMPbIJlMIYwenwbW5bFfcmdgi2ThRBi++pWCVEalgJuCCSWHkW1RotKN3xWKyoslB6McFKvoCKDeWIP4IVAA9NlwO2B9nWfBjkhSssJRMuwbm77AthZzVk4aoDnsiqUnolwUk+gVM280R44nTDxSyGy646k4eU8IUR52BA/c8HGtklYQosoFtEd3ysolFoBoyOc1IPuZ0X+WA5b26+WYPrQDY5CCAHQFbiOMLGO5xLP3kRkk0eyKJRaE63kxD26f7lnfaywZCVF0g0otk0IsTgtgMOAkQHGmeuAvmrSQvBwFoVSW6KtGd+h+1cY9ieck3ZT5W6OVVMLIZphXcJ4Lr1I89YmQkIpVaF0u+5foeiG+S/9QDpLbTuoiYUQEVmaMAa2nwDrqDkllKollO7U/Sskq2HxZ3MCiaTbgD5qViFEDI4Hfkw4Bn2N+cqJfBI5RqmSgWnziRYI1xJL3RPF4gM3OH0baH/qJ0KIuFwO/AoYm2Afy2I2JLuoOXNJ9KSxCs4otXQvyShZb611DwvHMphvRQiDyrptLBafJMEkhIjDBiS3EJgKHKCmzBUtsVizTPooPRXhpB5HPkpFYxVsRimtgO47gbXVzEKIGHQD/pVwDJoBHIesbfJCDzLszP0Q0YqX9tB9LAzbE67+UnNGkwcBbdTkQhSW1u79sAxWr2tIvW0FYCDQD+iM30xza+DiAOPQRRJLuSDTtd5ujXBS76PSE0VhV8IUtvXZ/usGTSFE/ukIbAwchRW3vg8Loo5SP/KfwDnAftisdhSOByYnHIP+hlUrENllM2BKVoXSFUTLJBis+5h79nSzPNVw6P4KOAZbhxZC5I89MKuY5wMIl1osPvYRJ2LWbObYewf4wPsH0EG3MbMc4nEvZ1ZaKJ0V4aSmY8ZgIr/sS7LU20nAvcAskscuDdLtECIXDAYOBT4jnI1IQ9sU4FlgRxpfvVgb82lLcpxbUM3JrHIOPn59FRZKR0Q8MVVrLq9Imoil7YKl3b6YcLAa7b4ehBDZpCtwWYAPozjbN8ApwFINnNfywMsJ938XFi8lskMNVvIq6j18pNJCaZeIJ7aP7mUu2R+YlmBQGdOASO4OXAXMJlmZk2uALrpFQmTqhXUY8A7VWaKvv30EbNXAOS6JT5X5xstyKZM7OyyBOatHvX/XV1oobRrxxE7Uvcwd+yUUM6No2uV2Q+DNhAPWMGy6XQhRXYYCT2ZAIC36QXW9e5HWpxtWrD2pWFKAdzZYFd9MxgoLpaGY30RzJ3aF7mWu2DvhTNIwovkg9QHOI1lw53TgfKCnbpsQVeFnwJcZE0n1t1exkkv16QTcmHC/t2tmKRPs5vm+2KnSQqkX0ao3v47cufPCHglF0ttET92tYxuST9e/gUwqhagkNcCRCceLSm0jgAMXOf82RMvcbmq7Aat7KqrHvfjFsPWstFBqAzwQ4eRmYwF+ItvsTLRCx02Zi64Q89jt3OzS9ATHn4ZlPygzRYh06QBcnQOBtOhswqJhIK2APwDzEuz3WomlqtESGOlxr94CqLRQAvOxiCKUltM9zTTbksxr5JlA93hrrIZckgHx35jTrxBCImnRd9FJi1xPa8ynLYmFwcXIwbsaDMUvdOPCagmlcyOc3HwazkAQ2WBFohU4bmx7OLAw6YalFyeZ0v8aFbYUIjStSL5cVe1tLuYMviiHkazI93nqHhXn9573aPNqCaU9iJYddaruaSYZgJWZiTs43EN62R9bJDy3ukSCZXWbhQjCMTkXSXXbZCxpZVEOIP7y/zysPqWoDK3dR3rU+zML6FstobQa0dYIH9N9zRx9sZICcQebe0nffK0fVpgyyaD4IWZlIYSIz08wA9k0ShTdgi1fnQacgNVoOw1bKrmDdMonfUXD4QIHAzNj7nMqsJO6SkVYF6v6EPXe3E/d8mgVhFInolnDvwW00L3NDB2xgrNxB5nHqGwm456YiVxtggHsSBToLUQcBgPfBRIoM7As1/OxZf8uWAZdY7QAemDZtKeRvBRJ/e1/jYxjhxA/ZmkMsKW6TOoc7nlfDv//36yCUAJL/4+i3gfq3maC9sBtCQaXp6jOclYv4KaEA+ND2HKjECIarYCbAwmTe0luEtsCiyd6PdA5NRbLeBjxTXe/AtZQ10mNNvgZnE4A1qu2ULqVaC6pe+r+Vp0arIRI3EHl+SoLjRbA7liwdtxr+BwFegsRlf1IXrftE8wYMOSqQi/gOpKl9tfVj2zM1uQ3CceZFdR9UmGQ5714nPozh1USSj9DWQF54awED/5rroNmgRVc50+S+XIhKkMgRFN0JvmS2yMpf1xtF+Acb2ti/6cm2O8rNFygVyTjDM/78PuFfrtKQmlAxJO9BcUpVZMdgB9jPvDDgCEZu56uwO+AKSSzNlhPXUOIBjmN5M7V3StwnmuSrHbkRGCDRvbdjmSz8A8ij6WQtAY+wC8+dWgWhFJ74IsIJzwC6K/7XBU2JL6h5NeLdbRssRWWLJCkgO8v1UWEWIgewKcJnqurqGzyxIrYrHfc872miQ/5NiSL0/q9ulMwfoWf39Wbi+2hSkIJ4PKIJ72R7nPFGUz8TJGROZlxae/64OwEg9kFQG91FyEAOC7Bs/R3zMG70qyMzX7HOecf3VjZGB3wqyu26FL/kepSiakBridutlsGhNJBEU/6UN3ritIbq54dN8hxm5xd72FYem7cAf5FYFV1G1FyemEFruM8Q49T3dqemyUYA37ezL67AY/G3PcUYBd1rUQMwm9lZCawfJaE0oZEM+l6Xvc60+q7fgHJvD7Uy2P+KHHF0vfu2mvUhURJWY/4mV7LZ+D8L0jwoRTl4/Np4i/zr6vuFZuTPNv7XzS0nFpFodSZaC7PkzCTSpG9TlXfEO7AnF97ByxbZVLMNpiPlT/prG4kSsj+MZ+ZozNy/t2IV3VgEhab1RwDMNPMOGPLq8AS6mLetCdaFZD6W8PvsSoKJYB/Eq3eilxL02dX4me4nVGgdtga83BJ4ty7nLqTKBmPxXhWPsWCnrPC5jGuYaYbM6KwCvAN8bMBlQnnxy4x+uNSWRRKxxHN/Otq3fNUWQdzIo3zAN+UscEuBAOxelFxxdJ3wD7qVqIkdCOe5ca+GbuO1lhqfpxC2lHZEpuBjzOunKOuFpkWwDOe7XtJo3urslAajAUAN3cBz1LZOmFloi/wbswH9wkq43lSLY7DqobHaZtpwNn6ChQlYK0YL//PgSUzeC2/i/GsP4ZffOIxMceUWciWJCpbe4r3mTRVZqvKQqkGGB7xpbO57n0qXEt81+2lS9A+PyVZcd1b3Be3EEXlbCzeyOe5+GtGr2VFzL/P51pej/GMxw0eV5mT5qkhWpm0RePAyKpQAqu9E+VCjtX9D87xMR/Wb8i2oWRoupOsuO57mMmlEEXk4RjPxGkZvp73YoiXwZ7HaInFHcUZT56munYKWWd1/Awma7GyapkWShtHvJB/us4lwrAlNlMXZ0lpixK2VyssK25qzMFtLCqsK4pHC/xT36cQPQA6D8JvFFYSxZeexMu0q3MxFw1zs2dbvkBz2coZEEo9iWYINQmLpxHJ6U186/7TS952GxI/pmsuNoPaQ11QFIROMcaSL2kqHqT6nOl5PbOB7WMea038U9hrgTnA7up+i7EK5unnY1FxSLN7zYBQqsFq5kS5qJ3VDxLTDqt8HedF/zc0qwcWm3U/8ZfinkBxBqIY9MTfkftjsu0LdGSMZ/qQBMfbkXj+bd/GnMkqMrd4tuGHQJc8CCWA/SJe1L3qB4k5McHLXWaKC+gAnEC85cu6uIbN1Iwi5yyJf0zPh2Q7xuaQGM/zYQmPeQzRrHIacgZXRrixLjDRs/2Oj7TnjAilge7FEaXgajf1h9isg1/dm7ptBNBfzdcg2+OfJVO3TcWWMluoGUVO6YW/4/SHGR/H4wilAwMc9+aY48hZ6oaAf/mt74laiDkjQgngIaKtBe+v/hCLjlgaa5zg7T3UfE2yMhYQGHcp7gaUxSLySTfgDc/+Pgxbsssqx3pez2RgkwDH7Qu8SbwSUmUvnrs6Frfl027HRd57hoRSVF+JWzU2xeLcmC/x36npIn9ZX0Sy0icD1IwiZ7SJ8ZEwnMZKRWSD6zyv55OAz+4axCtz8m3Jx4/7Ytyz6H0wQ0JpGaI5aX6uF4o3O2OurnFe3sKPg4HxMcXSV8BuakKRM3zrvI3FwgCyiu8M2fNEXcKJxqH4G3jWYkt3ZUy22QI/Z/j5+Pp4ZUgoQXQH5L01NkVmUMwvlM/c7wp/NsKCLOOIpclYkLgQeeHmGP38uIxeS2csK8/nWh4IfA6tMJ+kOOPHkSXre61d+/vOvvkt/WZMKB1BdLvxthqfIvGPGA/bFOAnarpEdMPfRr/+9mfMykGIrLMzFj/q078vyOi17O15LfOB81MSbE/HGDe+BpYvUd87DP/VkhO9j5IxobQC0acc+2l8apZDY76k/6imC/ZleBbxlj1rgeeAIWpGkXEGAD969u1HsQSTrHFljI/KtMwz1yNeJYD/UQ7LgB7AD/jHx/nb3GRMKHUE/hvxgs/V+NQkS7uvizh+SV3UfEHZBfgiplj6BPktiex/EHwVo2+vkbHr6Ad8h3+IQk2K53RMzHFjvxL0u3NitMvhsY6UMaEEVg8ryqzSOyl30DzTAribeCaIy6v5UmEItmQcN25pHzWhyDAXxOjXv8/YNfw2xjWcVIHz+nuM8xqHlfMoKsvh71/3JnFtWDIolPoAn0Z8eagie8PsEePBmq+Xcer0In75mFmYOWUnNaPIINsSz3A1KyEUPYExMa5haAXObQnizUjfg832FRHfJdJ5WEZyPDIolADuinjxl2p8WowBRHM5X3T7B6rjVgk6YVltM4gnmO7CykYIkSVWJF48zX1kIzHnYuLFArWv0PntFKN9Z2IJUkVjOzdR4tMW7yUSjRkVSlsTbfntA/eVLhYQZ8biS7LtlFtEdon5BVsLvIyK6ops0YLoxc2zljyyLjA6xnn/tsLneXWMcxyDxasWhVbuve/TBtOxwsPxyahQakX0aPZdNUb9PzvjX6R1MjI5rBZrE69kQV0F9vXVhCJDbApMIt6y8p5VOuf2wCsxznksVjajkvSKOV5cT3GW4I4k3mpJMjIqlCB6yY1nNT6B+2qIk3nyNzVdVVkSuDGmWBpH+QzmRLb5b8y+PJXqmFAeHfN8/1ml9t0CmBvjfA8oQN9aFv+wkh+A1YoslFYl2prsHOQgDZZB4vvwfEq2ay6ViXOJ77d0EVZzS4hqsy7xym/UbVdSuYSFuD5Fc7CYrGpxWYxzfod8F95uAdwR47ovDHL0DAulNljUfpTGuKTkg9NA/Ke852NBcSI7HOJmieK8YG7C3MCFqDZ3JhBKtcBTJI0pifZ+uT/m+d1Z5fbtArwf47zzXBppmxgC/AcsY7DQQgngqIiN8zHlDepuh2VfxHmxiuyxhvv6izOA/49iBW6KfLI2lnGVRCzNAB50M1RpxNecSLwlrLlYLcdq8zM3s+Vz7tPIdjHixlia6HVg608EHBXsDDIulHpgGVlRGubQkg5KB8d42D/C/KpENukfU/zWLaduoSYUVeZszLumNsD2b8xpes1A5zYQmJjgXLJSHuRPMc7/UWwZK09cVfX7lHGhBPCXiA3zKvleg41DF+DDGJ3oVxrHM0934JaYg/kPwF5qQlFF2gEvBRJKddsoLFj8VuDXwCaY4WNfz/O6P+bxpwM7ZKiN+2K1y3xn6nbOUT9aP4aonUzojOAcCKUh5Ld2UNqcHONhv1ljeG5ogRXVnU68gNPfqAlFFVkX+D6wWKq//eheimPdh/J6Ec7pmATHezaDbbxDjJm758lHPc92wGMx7tMNwc8kB0KpNfB4xAa6rkSD0Ob4eyaNQEaFeWRH/Osa1W3nk7+pdlEcdgWmpCiWFnWtb4pViB7K0dC2UUbb+PYY15KHBKgzYlzXMNLI5M6BUILotcvG4TcNm2f+E6MTnaFxO7dsgCUtxBngb0VB3qJ6HEq8wGnf7blmzuNxksVJZZWVY3w0T8XKXWWVocTLAE7HPDknQqkn8EbEhvpTCQaebWMMPG+i9PG8szw2bR532WAlNaGoEkcDs1MWShc1cfwDEux3OrBxxtv3HPyX4G7I6LW0c6LX9z7dQVqz5zkRShDdZOuLjCvlpLSM8WU0PwcPuojGkpibepwBfxj5TA8WxeAY4puqNrc9hGVJN8TqWBxT3H3fTvaXrzvhX4plAtksg/SbGPdoBGnOmudIKK1IdFPFAwo82PwMeSaVnRrgdOJnxP1ETSiqxCEpzCy95j4gGuPWBPueBqyVk7bdIcb1/cuNJ1lhPeLFtKVbyilHQgmiW5g/Q3GKANanHfC2Zwcaj5WDEcXj4JiDynhgbzWfqBI7At8GEkkzmhH+xyTcf94+Mh+KcY2bZuTcOwIvxDj/u1N/3+dMKK3j0XhFXGo6PMbX2JUalwvNbsRLwZ6O2UuoRpyoBkPdCy6pUDqziWP0wWZQk8QmDclZu26Kv2P3i0CHDJz7ufiXKRnl+lK65EwotcJs7aOuWRcJn4D2uu07rOKyKDYbY8H6cV4G12RkkBTloxXwW+JbX7yLzbI3RDviFVGtH9d5QQ7btAVmk+N7vSdV+bx3jSHwaoE/VuTsciaUAA6M2IBTgA0LNKhcHKMT7aGxuDT0Ir7j8H8IVTxSCH/6ApfiNzM6hqYDkQ8k2UzVq0DnHI8FX+Cf6NG7ipMAX8S4R09SqUzuHAqlvlg9qzynP/rSH/O98PUUaY0oE12AG2O+GJ4E+qkJRRVZFTiN5jPUZgB7NrGfzsAnCWeTfp7ztoyTOVYNJ/8WwD+Jtyy6bsXOModCCazgYtSMhTULMID4poPPxrLjRPmowWYf5xPvK3pFNaGoMt2xWm5vuY/imfiVYYpTLLb+9nQB2rCDmyXyue6vqbzX3j4x71FlzZNzKpS6AaMjNujfc97hV/G41rrtf5jfkigvJ+I/C1mLuX+vqeYTGXrh74QtzV0NnErTVgA/JZn9wPcF6v/7k+1YpZWJl/14H9BWQika53rMruS5vtmlnp1oLlYHToj9Y4jsOvO2X6r5RA5nol5MOJt0SoHaI44J5ZcVmlXqTjwrgDFUI0Qgx0JpOWAixTZcXJ7oJpt12wMaL0U91iN6TN+ildmPUvOJHHF5QpH0IcUr87Q//qVNTq7AeV0U4/7MwgxLK0+OhRLAXyI28HAsEyBv/MWzI80huxWuRfVYCXg9xsA0BxVSFvlgfZKVR5nvREXRaIXZKPhmwC2Z4jntBkyOcY9upFpG0jkXSmtgLsPNNfA8zK8jTywbozPdiWKTRMMsBTwR8yVyEdkqcyBEfXoC7yScTfprgdtn1xizSmnNJq9OPN+sb6hmDdecCyWwgoVRGvoj90DlhSvxXyrZQmOmaIIewL0xXyTXYiUGhMgaf0gokkZhoRxFpQar6ebTJt+m8Ly3B56KcX/mYUH61aMAQmmoR4MfkpOOvUSML6QHNV6KCHQinnNvXQHNLmpCkSG2JNqqQlPJPvuXoJ22ACZ4ts3xgc/h9zFmtuoy16s7o10AodQS83+JGtGfh6Wpg/H3wVlXY6aISCvgfOKVDPivxJLIUD9+N+FsUpmSXx73bJs3MEPIEPwqpkh6Fuha9ZYrgFAC2MWj4X+d8c7cHjNa8+lM96AYEuHPAcQLqnyW6hYL7ewG3qOBbUva99th7tRHAztSztjEcxKKpG/It3WML/t5foBPA3YIcNzliFeceAxZKUpcEKHUESvZEaXx3yHbsUo74T91vJne+SImu9N8yYjGjCk3qNI51697OAMLVi0bp7NwduL+Jbv+TUmW5VbrPhTKRAvgfc82uj2hCO9K/CSS32Sm5QoilMBvau+wDHfmlzw7071614uEbAGMjDGQfQdsVeFzbYnZfdQ/j0exmdiysDRWbqJ+G9xRoutvDzxG8iW3MtbC3BN/A+OhCY53Tcz7c02mWq1AQqkV0ZesPiablaG3w4r9+WS6baP3vAjAKsTzWhoN7FzB8xzQgKibD2xcont1QgP34SmgTUmu/3ySZ7ktU9LnvCvRY3qTlgHbk3hxkK+QsVWfVgXqAHOBCyLOsKwE7I1l/2SFFsChnl/Gr2FV30U5aOsGul5uVqEfliHZDRjkBv8a4sXsTHezNd9gHl5R6Q3chmWU3l2BNuiL1f+qTw0Wp/NSCfpAu0Y+jrphZSFGl0DQH5NwH3/E0t/LyGTgesygMyp7x2iz9TBvKl+NMQMrIzM+U61WoBmlukHkNarnE5GE9fBfc99S2qGwtMICTXcCjnOD2xuuj8TJHom6fYJVT/f9vZnAQRVol70a+UqdTL580uKySSPtPxJYrQSzIc8n7N93FmyCIA4dgPc82+1yj/0vi5WDiWPVkM2wmIIJpTr1G9XE6vQM3Yrfenaq5yjPVHtZ6OhmRv6CpeF/naIgaqqe0r6YwWSc+nBpZ5Ve0MTxzyxBH7mHxktw7Frwaz82Yd8eB6yqYQbcx5evVUD3CPttCTwc8/78jaxmbxZQKLUnegXpT7AljGrTHguM9alLtI+e9ULQHVtKuQnz+ZpRBXG06HY0thR8RYzfnUu65YJua+Z57lbgvrJSM/3jNwW+9vWJl51ZfztYw83/0wlbpvV5rn8RYb+nx7w372LL+NmkgEKpblZproeKrbYPy4GeneotLDZF5JdN3aAyPAPCqClH3vOIt9R3bkofFM2Z5h1Z4D5zfTPXfmFBr7s1yZfcHtGQsxin4W8227aJ/e1LPMuGUVjd1uxSUKHUAnib6EsN1TYd87UEuELPeG7ZBIuTmJpBgVS3HVfvfGuA38XczwWB225p4AOat8so4pL0kjQf93EXxTSePJF42VN123A3GycWn6WbjV/NtVUa2dfm+JdIqdv2zXxLFVQogaUsR71Rt1bxFqzr2cGmUOwCjkVlXawe348ZFkgNCaU6fu05qNZtNxEttiEK69G8fcY8YO0C9p/DaN5V+SuyUO4hLGtiDtFJ+vMhGn4apCWNx7z5fPx0B4bFvDdX56KlCiyUOgEvRLxZk6herbRLPDvWrXq+czcTcA3pZqpVQiiBxXjEmQm7F7M0SEpUs7xbCtaHOhDd+2Zgwa793oR9+XaU9NLchIJPXOT3LFzrsWMMsVW3PU42/QxLJZTATOiiVpa+uQrn1x+zKfDpXBvp2c4NhwAf5UggNSeUAH5JvPpwDwN9Erbn8RGPNRU/L6iss41HO29SoOveJWE//gHz3RJNzyq9jV9Q91H1fv/PMe/Nh+TJ9LPgQgk3AxPVw2G9jA8EH5PlzABRx9LES6/Pg1AC83YaFWO/T5Isy/Ryj2NdVaD+5BPIvG9BrnkAZn4atw/PoHz17+JysGfb3ofFAR9HfAuSrXLVQiUQSst5TC3eV+Fze8izg52kZzrz/CSns0g+QglgaywmJk55gjizPS2BZ/BbIlixAP1pRSwusUyJHjXErxFWt91I9bOZ80If/GInR2IZlnHtGk7MXQuVQCj5Tg9Wyu16MH5rw19RrOWEInKQ50stz0IJYHnM/8R3/29iJVd86IZ/IHwRrAIu97zmtwtwzXsTL3GgbvuU4sVqpUkLLKi6EmNLPmd6SyKUBhDdXOsFKhP8dx3yASkSp5CvgO0QQglsxvaVGMd4Fz9bjiEx2vcFrKxRXhmAmZD6psLnOXi5O8mW3CaTt2WdbLAF6Wfk/pdslQ2TUGqAPxB9bfuIlM+lA9Fr0tVtu+lZziyn03zqdlGFElhSQhxDwI+BlSMe4ycx23iLHPero2Nc73fufuR1ZuP6hH33DA1HsWiP39K27/YN1fcrlFCKwNJEzzBLO1tiJ/wM1Ia5QURkj5MLJJDiCiWw9P/HYoqlKPW34tb5eiyn/aoj8Vzbp2Dmf3kkaZbbSyycui78+H1KH3wz3IdOfimRUAI4y+PmnpviefzRs6MdpWc4kxxMPMv+IgqlOrF0f4zjDQOGNrPvf8e8lh/JZ8r8wQnu32k5vN6+xIt3q9smYsuzItlkwqTAY8l0ipB9WDKh1MPNFkW5wWOBfimcQ0/gM4+ONhNzpxXZYjM3ONcWcDshQbt0I55J4OfAWk3s980E13NdDvvX6wmu9285vN4bE/bZUzQkBeG1wGPJJYVolZIJJYDDiZ5RkYa9+qaeHe1utOyWNQaSzWK2obZjE7ZPB+BfMcVSQ15mnWm+zllzAc55yhhdP+GX/b9y9jxti18GcEM17jRGhmGXgOPIgxSlpE4JhVIbovsXjSV8MKhPsOIcLOVcZIcakgecZnmbSZigy05YKRHf43/RgFgagvkiJbmuo3PUx65KeK1Pkp/soiXxm2FvKJ5UM+7h6EU8f7SGslr7F6ZVSiiUwLySon7BvI1lBISgHTDCo7N9S5gaWSIceyX8+q3WNt9t87AyBHMa2H4ELgrYVu2wori+5/otC5fq2ZNk1eNr3cs4D1YBg4ExCa91DNGzCavNBQmv9RcakoJzWcJ7MpxoCRq5oVVJO8IzwANY3armWBPYgzDFaLcHlvD4+VfcrJbIBl2AizPywp2FLc9MdQJnBrakPB34BMt++tFt0+r9/zn1/qwvouoGuDEBz3EmttQ9Ez/zx/5YMdN9gRfdSz/pWLU8sCtwZ8b72N4BPo56uTYclvFr3Rn4XYLfvxALTRDh34/HYm74vvwIHIotlReHks4o4RRv1JmBjwiTdnqDpzLfTs9spqimFcBXwB1YcORxwA5Y8POyWBxAywy3W1vi1b77FluG+2OgNnw94+3UmvhlIfI209KNZFluH2CJMSIsLYBLiTeDOxv4bSFbpcRCCfxs208O8JXnU6V5FEUJhCsGPbFg40oJo1lOKPwJWBdYKuMv+eZoSbzYm4+ARwO16VyizSJXi90D9p+sv7CuTHBtk1l4aVaE46yY92QONttezPp6JRdKqwETiB5kmsSnYyfPjneZntlM8dsKCaS5WHHmHQr6tXox1Y3Vuo5sZki1BJ4OfJ1ZZQvXz+Ne2580HKXCMQnuyasUOZSn5EIJzMzRJ90xLmd7drxd9dxmhj7YVH/aL/HnKP5ya6sqi6VxWLxS1tgGiyULdZ1ZfXH1IplXz0NYRqUIy/5YfGPc+/IOtpwqoVRQoQR+5m7bxNh/JzcjFfUY75NuCRXhx+Ypv7xnYNlmZSq/8EeqJ5bOzuBs0k0p9KksxvBcTrLMxUEajoKzM8kzeedhSU8SSgUWStsTvcbNC1hwqg9DPDvdnXp2M8V1Kb60R2Emb2WjBdELVYfexmAmlllhRcKXwpkDrJKxe76Zm9GLe00HaChK5SPwh0B97g8SSsUWSm2A/3gMQL6Bkr5VwM/V85upvjGBdF7Yo51ILyvVFEu/y1A7nEQ6vlk7Z+gau2Ez5XGv51qKGihcPQbjt9LR3PYhfvY3Eko5E0pgbsQjiZ51sZLHvp/FL4ZCy27Zmm2cl8KLbA4W4C/swyCNquVNba9h6fhZEOLfpnSNp2boHv8uwXW8ieKSQrME5lEWus+tXsTGaqX+8v985r5afh/hZ7sAJ2Jmes3RB7919e+xqVCRDQ4gnSypq4D/qnkBOM/9eU4Fj7kKVmPs4Spf+4FY1fY02DAj9/enwJkJfn8KNvPYIYN9tyUWhP81Zko8PgfPW093rhunsO81gPc0o1TcGSWwuIUvie5zs0GEfR6KXyrsb/TezBRpfHU9T7kCt6NQ42aWKjmrdBvVXc5pi2U6pnV9r2fgvrbDb0Y9z9s/cvCctcdiYNNqg8cKOTpJKDX4hRe1UzyLTZ03xTWeHW0IIissg5X1CF10djc1baOcSTKPHV8n4WoGPO+S8vV9TPVrRR5WEpFU556fZdoCN5O+/Ubnwo1KEkqL0Q14yeOld0QT++qAVfL28T4pXifLLzu6exxyIHmFbMTGZJUW+HuOJdmureIM2jUpX9sobCmkWqyMXxHwvG+fZ/i5aolfJYokthRbSigVXyjhBpeJRM9caiz4eh38/CmKm16ZT05NYSA5XM0aeWZpJukP7JOB5apwff0rcH3zgH2qeA8fKZFIqisqnVUuSXBdw/BLtvhzEb/exOK8C9wY8Wd7O4HTUFsOwa/S/Ndq+kzRO/R3CdUPHs4L52Mzu2nTBauUXmmOxt+PLc74Xi0X8sOwYHlRXWqwJIm4tf+GYasmUzx+Z9XCaQvNKDXKUvhV8m6o2OYVHr//HWY8J7JBK+DuwF+cX2PBlKJ52mJB75WYCXiFypZf6E56lgCLbldW4d4th5l61qIZpWpzPGZFEud6RmKrIgA3ePzeGGAtzSiVg5FYrMTciD9/EgvHF7XFz/DtE+BTNXtm6ED4tO07sKVY0Tx9CD+j1xjrAz+p4LUdii29VYJ+VDYmriVmsdJLXbjq7IbVVYxjAzQF2BfzsAIr2ByVXsBQCaXy8A+sCGMU1gUOXuSrymcwfEXNnSnaA0sG3ucXatbI9Kdyxqs12FJRmwoca0ngVxVsxxWBHhU83tHAfuq+VWc7rH5gHJE8AYttqy+Ohrl/9xHoxUFLb5EE0FSiTTlOBNZ0v7c/fmnKm+jZzhQrufsScmp+TzVrZA6h8ksnlTBo3KHC1zSPyrkld8DMBmtLumXlQ2gb4pddmkHDCQDt8MvgLpSbumaUmucNotde6wZc6L5Qd/Q4xnSsTo7IDh0Ju2QxH5ikZo1Mnyoc8+wKHKPSsy0tqFz9rT4UtdZXNOZl4Bw2BW7B4uB8mY0ZHt/ewP+bicXVRWVtzAFcQqlE/B3LhIvCFm4w9BkwXtJLNHOEXoaZggU5imj0r8IxNwO2SnH/ywN7VOG6KmV/8A3wQYn77I1VPv66mNt8nCXrecBpwPVN/MwLRI/ZBTPsLQSq9RaNacAFWBZUlBfsufjZAjylJi78szHTc5ApM+2AAVU4bgdgV/wCV304uUpj7qAKHWcecJb7SOyGecy1LHhfrcFqc94d8f2QFusAdyX4wDgPuKyZn3kBC0OJOlu1nvud/KMYpci0cGo9jbXt7fVuzBybB77HI1B5mqgshRUXrUacyTB3/NCs4F6o1bim+9WlCs1QrFxN3P7xt4jHaY25j0fd7zNFaWAtvUVnPnAi5q0UkunA92reTH4phqRVCb6uQ9GTymZq1WcI6VgF/JzqxF2BJZiobE4xWcXNJK0U8/fvAk6P+LNzPGeIlqUymaQSShljNOZyGnKK7CXgSzVt5ggdmNlaQiky1Y5tODmwsOiEZbtVix6kM0smqstK2CpHXJH0AHAkfvGxz3v8bFeqW3RaQqmK3EjYqexPsVklkS3mBN5fJ+JlopSRQVU+/irALwLubxOqa//R2n3di+IwGLiT+NYPT2HeYZM8f2+Yp0DfSUKpnMzCArsnBhRKInvMTOFlJbfiaKyQgXMIWbz4hCpfSxtgoLpVYVgeuDeBSHoR80qKE0byHX7Gk0sXocEllOLxJuZVkZSJwFtqzkwyDltqDUlHNWsk1szAOayCecEkZX3StRyIQk1G2lQkZxDmcxRXJL0B7E18q5JxTmhFZQnCx3tKKOWIPwQQOWPJZiFFYcuhowLvs4eatVm6UB1rgEXp6V4oSTmebNiwqOB2/hkI3MOCQrW+vIMtKSdJHpqNZdhFZfWMPM8SSlViPHBqwn1MdgpdZFMo/RB4nwPUrM3SDz8PsjTZj2TGl8tiXjJZEaCa0cwvgzCfprgzg+9gZqdfBziX7zzPe7CEUrl5EnPtjsubasLMMhNzGg7JEGTyGkVcZOWF3ptks0q7kZ3YoCWonj2BSP6BdQfxl4I/dP04VHb1x1hNuKjkPolFQik5ZxB/+exVNV+mCV1yZB33ZS8aZ0WgbYbO51ji2Tp0AQ7N0HX0o0AlJUrEIODfWHmSOAzDinGHTBr6DPjK4+dzn0ggoZSc8cCZmCGlD/PxW+sVlWdi4P11Q5lvzTE0Y+ezFLBzjN/bhmx5yLQnG9mEIjqDMUPItWL+/ifYTNIngc/rB/xCRlaWUBJga8fXeP5ODX7VmEXleQ+r8xeSzdSsTY5HvTN2TjXAUfgZUNa4j6esIdPJ/ImkuMttnwN7Ae+ncG7zsJJMUdncCfX8olpvwVgWW4KLWgfnW6wIp8gu3YB3CVt360k1a6P0xJajazO2TQW29LiOX2KGpVm7jn9QgFTtErBCwnHnU9K3gzjR43zmkfP4OM0oheM7zxmip5Ejd9aZRPisxB56WTVKH5JlmaVFJ8ygL+p924VsBu2vmPsv++IzxM0kxfVJ+hLYF8tyS5OPgbmeEwkSSoI++MWfDFOT5YIXA++vJ7CcmrVBBpDd5aH9iBbjMwRbasgia7r+J7LJSk4krZFAJP0CM5VMm8+xKhVRdcagPN8YCaVw9PYUSiPUZLngcc8vp+ZYCthYzdogWc7KagucFOHnds6w2OsELKlulkmGAvcBqyUQLntRuUoPIz3HRQkl8f9fwz6BqBPUZLngQ8IukbYiTGmMIhKyLtQYwjur70LT1gXdMSfusrSxCMOa2EzSkJi//zW2NPxGBc95uue4uEqeb5CEUjgGerTnD/j5UIjqMQV4NvA+tyZ72V1ZGItCOvj+QHj7jV7An2jcV+kgsh+0KouAbLEOVpZkpZi//yXmk/RGhc+71nNcXJ54fmQSSgXDZ0r7K8IXXBXp8Z/A+1uVnE9Fp0AH4vvFNPbFewUWkB+KGmzG6MwmhFJI3gVeC7zPjdTVMsMmmJlk3LHgC2wmqVoVHnwCxjuSY4duCaVwA6iPUBqN1XkT+eCTFPa5i5p1IZZwX52hmAk8QLICoI096+eyeLzSTwgfpP8GcHPgfa6Bsi6zwGZYWZK4cXlfYjFJr1XxGnxKPHUmx7PoEkphaIff2v9k/J28RXWF0iuB97mfmnUhQi9ZzXR/XpfS+V4AHFjvv/chbI26OcDtWJDunID7bYX5g4nqsRVmUtwv5u9/ihW4rXat0LGeQim3iQQSSmHojHmURGWqmixXTCJ8nFJvYFM17f8TusL4h+7P2/Crdh6VNtjS3k+xuJ89Au//fdfnRhLWHb4j2fSqKguHAPcmEA2fYmVJ3snAtfj0y07kuNaghFIYunsMPvNJx1ZepMvzwI+Bv+wPVbP+P2sE3Nc8FswATgD+mtI5d3H7Pta9CEJyiftzBAtmx0J91K2i7lYVjnbiOm6szqdY4PY7GbmeUURPSqpJ4WNIQiln+Ji4zUQZb3nkSSwuILQ4WEJNC8AGAfc1a5F79V/S8y1bDjgi8D6nsiD2ZIoTfiEF+vrqbhXnBODPxF+e/QDY3f2ZFSZ6jokK5i45PkaT0wnv7yLSZy7wXOB9roYFAZed1oR1jJ6P2QPUMYx0g15Dlyv5JwvKIdUCbwfev8R5ZTkbuAyLZY3D+1j9wKxVc5iOX/Z2bss3SSiFwWe9eQZmhifyx+WEDcKvweoylb04cp/AbTCWxQ1d7yDszExaTMKCuOv3s2cDH6O7E6ciXVoBFwO/T7CP97D4t48zeH3zgfGeQqldHm+khFIYfEoWzMOm00X++BJ4NPA+dyC7JS8qxQDCZmK9zuLlFe5lQYB3lnmJxTMsQy/59sNvFlzEE0l/AU5OsI83gd2A4Rm+Th937iUIH8snoZQjfK0BZqnJckktVmogNPuWvF3XwgKjQ/FRI/9+UQ7a4qoG/u2HwMdYkRwH1uaADpgtxTEJxf4eZD+edaKnUGovoVRehnr87MdqrlzzIlZbKSQHUu7lt9BGjY3dnyeAzzLcDiOBpxv49zGEtQhoS/ZLreSVbsA/SObS/gLwc/wMHavFcKIvaS9JTj28JJTC4DPoqHRJvvmykZdZEpYBDitxm3YNvL/GkiXGAXdmuB0upWFzyXGED+juqUc5FZF0M2Y+GpdHMAuA73NyzeOJbpvSjpwu+UooJacTfpH8ynjLPw8BswPurwY4oKQvr47EdyhuiLk07Rj8BNk0fB0N3N/I//sRc+gOyUA9xkHpi8XBJSlNdJ8bB/L0MT0RP3+5Lnm8uRJKYQZ6n/RgZbzln/8Q3s9kTaxIZtnoAwwJuL9hNB3T8yLhbR5C8G8aD9quTeEDa33MXVyEacv/AFsn2McdmAHtuJxd+yQsk1tCSTRJJ0+hNE5NVgguTWGfe5awHfvhlwzRHMNpPmX5LxlrgynArc38TOiA7g0xl26RjC0xO4ckJp7XYKalE3N4/ZM9hVLXPN5kCaXkdMXPk0TWAMXgIcIHBu8DrFqyduwReH9jWNwaYFGeofoFRevzKfBqMz/zCWFLmbTM69d9htgFqyUYdxlzHnAO8GvyW/9zBn5Fm3Ppzi2hlJzO+M0oTVeTFYKpWHZLSGqAU0vWjssG3l+UGdtaGk7DrxZRatF9g2XFhexry+oxTvRR808sNikOtcBpwHk5b4fZET5M6tNNQqmcdMVvrf9HNVlheD6FL8EdgNVL1IarBdzXfKLbb7xCNoJmv8GCgJtjFIu7jSdleT3CsTgKWyqNu4w0y+3jkoK0R62EkmiOLvgtvc1QkxWG17GCqyHpDhxekvZrBWwTcH8TiO5iPBwLoK02f4v48TSV8Mv2K+sR9uZUbDYy7rtzChaP9PcCtYnPTKeEUknxsQcYiWKUisalhHda37ckL7EOhPVVmew5aP/L/U61mIFl4UXl08DHX0+PrxcXAhdg8V1xmAYcjC3ZFQkfY8xcJhBIKCXHpyDuRPwC30T2eRsL7A5JF+DoErRdv8Bj0I807aG0KG9htdWqxX+Blz1+/t3Ax+9BTktKVJglsJIkv8PPM68+Y4FfYDYQRcMnnKRPgjaUUMoxy3h2qHlqssJxMQtXew/BIcAKBW+3gYStYv9tjA+RS6t4/SsDa3v8/JeBP7Q6Edbss4gMwNzckzjnf+VE0v8K2kY+5XX6YQ7dEkolw6cNp0soFZI3gXsC77MtcHbB221w4DHonRi/8wbwRZWuf1XgRqKnTH+NX4ZRc3QD+uvxbfL+/JtkRpLDgF8Czxa4nXxmlGrd2CahVDJ8rQHmq8kKx3xsan5a4P3uSNhg56yxTuD9DY/xO1OBK6rYBkOxgO4oRZG/x5yQQ9EJv4LeZWJDrKTMWgn28aQTSW8UvK18hFKNhFI58QnsmymhVFieJnxpjG7An8lppkgElgu4r1riV1v/H9Wt1L4X8IeI48e7gY89QI/uYmyPWTYMSrCP+5xI+rAE7eVjhFrjObkgoVRCoTRLQqnQnJ/CPlcHfl7AtlqC8M7QX8f8vc+xqu3V5ESimY2GznxbkhwG16bIr4C7gaUS7ON6YG/C+15lFR/LmxrCxiVKKBVUKClGqbi8ihXHDM0Z2DJJkViKsOUMxiV8Mf2d6rvmn+tmIZriy8DH7ItqvoGZBh+PxYwlaY9LsZIks0vUdj72KJpRKik+bShrgOJzCeF9lZYDjilYOy2Hn7VGFJGaROi8B3xQ5TZp6160a1VQKK0Y+D7kkU7AlVix5DYJ9nMecEoJx/k5RHfnllCSUJJQEryCTd2H5lCKVZtrpcAD5nCSL2tfmIF2WRqrIdhY2v4Ywi7f9yHZMlPe6YkZjx6RYB8zgBOwArdlDK3wfa/lTndIKCXHZ31fy27l4G+EX8YZ5MRSUegbeH9fBdjH02Qj+HYtzL25WwP/7wfCzyotXdLndCC2VL5Lgn2Mw+q2XV7i8c7HsqKG+M7mEko5Fkk+QkmB3OXgVdKpCn4CsHEB2qcV4WcxRgTYxxQ3u5AWPtlBW2G2BYu+VMZjwechWaaEz+iaTiRtmmAf32F1Gf9JuanFrzBu7pBQqqxQ0oxSefhrCi+0jlitqbw/t10IW7m+lnA1FJ8lrFdRHaOBA/Cb+dof+M0i/zYD81MKyaolezb3xiwhknhIvQ3sQDrJG3nD1wRVM0pCCMDMJy9IYb8bALvmvG16Ebbo71eEWXoDeA14PIVrvg+LXTsSv+y884GdF/m3cYHPbQtyGGAbk2OBa0gWwP4ssBvl8EgSEkpBvmR9phxbqslKxT3YMlxI2rjBPs/FTJciWXbRonyBxe6E4krCLpPPY0EJi8eBkzz23xHz5dmg3r8NJ+xSR0+sQG6RaYkF618OdE2wn/sxX7NvNbxJKAkJJZGcae6lOzfwfjd3X7R5JXT23ij8TO+a4yW3heItbEapjpsxx/Wo9MLiYOqWKz8BJgc8vxqKHdDdBcsk/B3JzDWvB/ajPEaSUfGdjcxdCIqEUnLmq71FE9xFvGKtzXEe+bULGBR4f1NTOMeQ9d9uaEAs/wGbnYjKCtiSEZgD+cSA59eGsOVkssRQrBzJQQn2MRe4CPMym4Zo6L3mI0DzF/hdW1tbka3A3MeCmaXmtr/rmSolW2N2AbWBt5ty2h7PB2yD+aRjxrkMltWU9Px+oPGCt72wJTmf/V3ifvfNwH3p6gI+d5sBwxK2yxRgHw1hzY5v8yO25zTCxidqRikvWtPjZ7X0Vk6eAm5JYb+7AmvnrC3aYGaTofiRdIJqvw10z66mcU+tsZg31nCP/Z0AHIyf1UAUhhTsmfs5Fjyf5Lq+d/u5XUNYk2jpTTTLfM8OpQKU5eRqwgYcgxkSHp2zdlgy8AfDVOIXw22OO0iWYTYbeLKZn/kcswGIuqTTEgtI7hL4hdOO4mS+HelEbpLMtuHAHsATGroiffxEfa/VSihJKDVHWwml0vIhcFsK+90XWC9H7dDfvZRDMR0YmeI9ezbB7z8AvB7h514FTiP67HRnzNk85FjSDVsKzDNdMDuFa2h8uTMKLwM7YVYRIprIjkotOSzlJaGUHB913BYtv5WZiwnvgdMaOCtHbbAGYa0N5pFupfa/xPy9mVggf1Tx81cWxB9FYYnA43cvGq8vlwf6YUtkZyTcz4PAnsCnGq5SEUoQPgtYQikH+Nz09mrzUjPW82UYlZ8BP81JG2xA2JmQtE3/3sbS8X0ZiV9WWy1wOnBrle7LEsDgnD5XqwEPAzsm3M8fscDtkQgffGbv5qf8YSOhVACh1AHNKJWdf+IXvBuVq8mHF063wPt7MuXznRlT3N6DfyzGPOB4rDhvpakhbFmZSrEVtsSZpBzJdKxUzJlYcoBITyjVArMklMrHPM8OJaFUbkaTjk3EQODAHAyoXQPvc3gFzvsJ/Or2TSV+uv0E4DhgTBXuzxI5e3f92gnSJB5Q4zCPpSLaI1SKjhJKojl8BtAOanOBOfy+ncJ+f0O2Z5WWJnwczA8VOO/v8Ct+ehPJCtd+CBxWhRfKACyOMuu0wxzv/0qy0ivDsXikuzUkJaKzx89+mUehJMPJ5BxOdPOy8SRLWRXFYSvCG1DWNyTMIrtiM7ChrnUalv1VCVbC3LCbO6dJwMaBjnmUe6nUVmj7DOid8eemL7bUlvRaHwPW1DAUhKs92j2fdgsSSonZ23PwH6znSmAxIf9O4WU3CSt3kUWOCHytz1DZ4sDPRDinRwnnR9QCuKqCQmkeFhidVYZgVgohHO27aAgKxmMebX9vHi9Qy0DJmYKfL0R7NZlwg8aFhA8e7Up27QJ6Bt7fx4Qthtscf4pwTx8mXPrzfOBcknk5+b4PsjrjvRfwOLB+gn3U1Ww72I3bIgzdPX52koRSOZnqKZQ6qsmE4w3Mayc0OwLbZ+xaawhfxPf7Cl/DC8BbTfz/77Aq9SEZj5U5qZSvz8AMPienYLNASeLbpmIZhaeSx6Ks2aXGU0dIKJWUyZ5CqYOaTNTjcteHQn/hXUS2Zi+7AJsG3ue4Cl/DDMzeoTGuI3wNNoAvsFjISlxvlgqW1gVtX0QyN/fPMK+xv2q4CU5r/DK5JZQklCLRTU0m6vEBcGcK+x1KtqqedyVs4dVZ+GWchuIFbJanIe5L8bjPA+fhVzIpDhtnpL8MxQJ/f5NwP68Au7j2E+HphF+mZC6FkoK5k9MLGEH0YLbD9WyJRRiExUyEDs79JEPCfGjga/uc6gWt39zA+TxE+svqbYC/kW5A9yjC1uKLw9ZY6n7Sa7kf6KPhJVWWA77yuCf75fEiNaOUnGn4BW/KHkAsyhfAtSnsd8UMCfPQ8Umj3Uu9GvwFi3mpz62k7+o8GzgZS49Pi9bAUlVq11ZYoPUDJMsOngtcimUkj0KkSTf8lvgn5/IqNaMUhK89FLUcYEVjomZ0CjMEX5CNAN1TAl/Xw1W+nl9gVgAPAMdS2Xiw/sBHpDOjNAPYpkov3OsDnP844FcaTirGVu6jIer92VxCqbxC6RmPjnKfni3RCKF9huq2P2Xg2m4PfE13ZeCaWlfx2DuSznJtLXBSha9lAFbfLul5fwP8RMNIRfHxEZxKtpIFJJQqzF89HuaP9WyJJng7hRffTGCTKl/Xx4Gv6Qx1FY4hrNN53favCl7DpljJlqTn/BLJCuOKeJyFX1xhvzxepGKUwuBTb6otsggQjZOGAGjrBrRqFWTuTtilqVmYB1XZ+StmLxGazpg/TprUACcA/wNWSbivG93MxvvqEhXHJ4FhPDBdQqm8jPD42dbIPl80zhNYSYDQbIF5yVSDZbE04lDMBL5VV6EWOBNb+g9Jr5THqDp/pEtInil4BmbIqf5QHXwK4o6VUCo3Yz1+tj1KWRWNM9e9REJX2G4DnEh1Ur8HBX7xzgVGqqsAFnwd2kixP7B0in3hLmzZMMkM53hgX+AC5LRdLVo6UR2VCSmMaxJKBRVKHSSURDM8igW3hmYzYNcqXM/ahA18HolqddXnu8D7W5p0PKp2xGZMd064n1ew2dHbdOurSkf87G4m5lXUSiiFYZxHB2iHpYIL0RjzgfNTGlQuIbynUXP0Dby/19RFFhNKEwLurwboHfgcf4PNJC2XcD/3OJH0qm571VnC8102Pq8XKqEUhkmYk2zUQWglNZlohpdJx1iwH1YYtFK0xm96PgrKHF2YKZgLe0hCLb31Ba7AlpOTxCPNw0wk9wssCkV8ehN9Rmk+VnNPQqnE/Ah86fHz7dVkIgJnkE6Q6i+ANSp0DT0IP6OkwN2FmYEZi4ZkAMkz34aywJAzCaMxE8mTyWmMS0HxSdCYSo7jCiWUwjATv8y3HphdvxBNMYx0PG16kLzYaFSWIXy8i4TS4l/rodtkY5IF4P8Mi7VbN+F5fIQVtb0LBW1nDZ9Y2ylO8EoolZxRnh2su5pMROBKzHE4NAcCa1Xg/JcmrDXASM+PkrLwQ+D9xc1U7IiVq7mL5DOJj2IB4IpJyyY+8WbTJJSEr1AaRPUKT4p8MRqL8Ujj2f9jxr46o/AFixekFSam5wXep28B76WAO4GLSGaqOx84B/hlSh8JIgwbePzsVPJaEFdCKfgAPjfiz/ag8plHIr/8g+jJAj5sRfq1sZYLvL/v3NepWHz8CT3TNsjzpfkwyU1NJ2IB2+chC4isawcfoVRXxFlCqeR8j9+skpbeRFSmARemsN82wK/dn2nQkvD1t0a6GQexMGPcFpLBEX6mBjMyfYzkCQIfYj5ft+t2Zp7O+BmGfpLni5VQCse3nkKpv5pMeHAv8GYK+/0psFFK59wBK3oaWhCIxZlA+LT51Zv5/12Av2Fp+0md128FtgWe163MBf3xM5H9Is8XK6EUjnb4ZbKtrvYXHkxxL6XQsyltgeNTOucehLXCmJP3L9MUqfX8UIvC0CZmDTZxoubIhMeYiS2z7U/4gHSRHoPd2BGFeXkXStTW1lZkKzh9gYfcYBV1G49fQUEhWgPvefazqNs6KZzvFk7YhTrH74HV1A0a5bjAfeJbGg7o3h+Lh0q6/9HAAbptueRMj/s8l/CmsxJKOaMlZqvvO0jMJ73Ck6K4/DwloXR/Cud6cOBz/CD3A266bA/MDtjeExYR0B2w0jpzAuz7OWCIbllu+Y/Hvf7QY/ZJQqmAtMUykuIMFPMJH78hik9HrChoaKE0Cb8slihcEvgcX0DL1U2xEpaCHbLN/+H2PQR4NtA+b0HJLHl/773kcb//nvsrllBKxBUJB4zD9cyJGGyJLd2GFktXBz7PpwKf3xO69c2K6HGB23w25rc1LNAM1SH4BQGL7DEQsyuJet9PkFAqp1BqgWV6JB04btMzJ2JyVwpCaTJ+1cCbogMLvFNCbX/WbW+W70lnaTbp9imaQS8KO2FxR1Hv/e5FeOEL/zY7H/MOScoQ3QMRk/MJnwHXBTgs0L76ELZ0SS3wsm57szyXwXN6FNgBWzoV+WcQ0T2U5mOz3xJKJeN04NRA++pK+BIPohx8gJWLCM3B+BnJNUZ/wsahzAG+1m1vljcydC7zseyovch7eriozzKe41T+LT209ObFKYSdjp4KbKPnTsRkHeDHwH1yPlZCIilHBj6vGcASuuXN8jOysdQ2CthDt6NwdACe9ugHdxThojWjFJ3fYMsdIelEOv41ohy8CzwQeJ81mLdN0lmlwYHPawyq/RW1narNI9hS2726HYWjN7Chx89PLsJFSyhF41AseDuNbI3Bal4Rk7nA/1LY7ybA1gn3Edrv6BUsA0s0zTiqGxNyJTaT9LZuRSFZDqtCEYW6IH4JpRKwL1Y6Iq2U1kHIoVvE564UXkptga0S/H5noF/gc/pUtzoSo7GZxkrzLXAg5g4+Q7ehsKzq8bNjgP8W4qoVo9Qku2PT/Wmu5U8EVtDzJxJwQAr98mvixwQtS/g09f11myNRA9xAZeORXgRWVtOXgn979IsvCJMYUnU0o9Q42wM3xZztqTNqi0I3wnnXiHJyJ/Bl4H0uS/xEg36EL88zWrc58tgzqoLHuwXz1Rmmpi887YB1PX7+Q6wgroRSQdnUfZV1ifG784ELXCeJyhpqcpGAWcDlKez3lJi/t1Tg85iLlVgR2ROVU7FZcVF8VvR8Jz5UlAuXUFqcAcCNCQb7C7DsuLkev7O9ml0k5BHgm8D7XA4/z5Q6lg18Hp9iMTAi+pf8tAod6xDgIDV5KdgCvxWW9yWUiklP4F/Ez0T7M3AWMBMz2orKUGBJNb9IwBfAM4H32c29CH1ZNfB5fI5lc4lofE3lbALaARej8iRlYD0PzVCLxSlKKBWMJZxI2jjm7/8VOKPefz/sOksU2qPlN5GcB5xID8m6+GV8tsDsBUIyGnPmFtH4nspaBCwBXIiZEYpi0gW/2eUnKEDpkgWyT1lvdULlDuJnfdyMpVTXZ4Ab3KPu4wo9iyIhLbFll5AZTVOA9T3OoSfhM0Uv0a315gUqm/k2H/i9mr2wbIzZPkTtD78t0sVrRsm+lq/C6hHF4S6sXMOsRf59BFY9PSpr6H6IhMxzoj0knfGb7VyKsCnB8z2fo7LTFbga2KDCx60Bfkf8GXmRbYYQ3Wiy7v1XHEo+o1SDOW7H/Yp6BOjRxP4v8NjXOPxSL4VoiBXxm8mMsj3mMUju5gRbqGNPwG9Gq8ysjMWpVbPG25uEd2UX1aUN8KBHH/iKonkDllwonZFgQHgNq9XWFHt67vPXeiZFQlphabmhX4BRs0AvDHzcr4C+uq3NfvAdC/xANgriKoygWPTEZnaj3v8HitYAZV7qOQw4N+bvfgYcTvMpuMPwC2gbpGdSJCSt+m9DI/7caoGPOwMYq9vaKCtixrhXAH0yck4HYSaUohgMdGI8Km8UrgVKOqO0uRMwcb6WRhB9/b8NVusm6r4/oemlPCGisCbmzhxyluDGCMdtSfiln8d0OxtlR8wWolIzRdM9ZhaGaywrDJd59JEfMRsBCaWcC6U1sen8OAPFVPyrql/ueYw19FyKhLQEngr8kvyU5megl8RM5kIe9wLdzsXoDJyGJZBUckntViwGKerP/1W3qhC863HPf2DxDHAJpZwJpWWA94gfVBpnOnkPzNsm6nHO13MpAnB94JfkaJqvSbghVs5CxXDTYy3gOaoTe/QqsC/R08Tn6/7lnvXduy9qH7mjkK1QIqHUm/jeIjOBXyX4+vOZwRquZ1MEYFv8fE+a2+YCRzRzzENTeDlvolsJmI3JyVQ3YHuuE8t/9vidMYR3aheV4zzPPrK7hFJ+hVJH4mcCzQGOSnh8n9TK8ZhZpRBJaEf8OLzGtmubOebvUng5D9atZCnMry0LGW0bYNm+r3jOMrTSbcwdNZgvm0//WFlCKb9C6W8JBoZzAxx/X8+vtqP0jIoADAv8kvwvlqDQGJcFPt4EoHvJ7+FuhI/7SrLt7c5rO/z8uk7U45g7lsXqBka9x8/hVzRXQilDQuko/DwgFg1eDBGYtpznce/RMyoCcArhA7obq/fUFr8MzyjbQyWeiejohOfsDImkWmwppo5z8QvyXV6PZK7Y0bNvnFbYlii4UNoD8zqKO0iHSm9tD7zuceyv0ZKDSM6WhI9R2byRYy2Nucurxltyts3YLFL97e1659nJ/XfU333cjYUiH/wDP+uI7SSU8ieUNsEydeIMBm8Q3rztRM9z2EfPqUjIEMIGdNcC+zVyrFVSeCmfULL71d3N2EwO1H5vAS8FvicTscDyOjbFAraj/v5heixzQQfPD583iyyCi+rMvQoWQNg7xu8Ow2KKRgU+p3exNf2o/ETPqkjISNfvQrJ0I/+eRn2vUSW6V2tjS5dnAV0C7O8mzPPtqZQEXR0vuJmHqPwJ87IT2WZLrHRJVN5xH2WaUcrJjFJPzO8jztfS9yk+xJ2A5z3OZQpm4CdEkg+hWwPPKDT2UgxtDTCFIjr8Lk4b4Gxs6SLUjM9x9fa/L7ZkGuq+zGDxygRdsWW1qPt4dJFZKZE97va4n/OALQrdGgUTSi2Ib7Q3oQKzOFd5ntMv9byKhFwSWMC8hDl/L8o/Ax/nQ6B/we9NfyxxI1SbPQ2su8gx1iOsTcR8Gg4LWMdD7M3GiviKbNIb+NijT4yk6LFnBRNK5yR4+A+owPltil/MyBN6ZkVCzg0sYKbTcArwl4GP81TBB99DsbqRoWbfLqbhJbuliF+yqbHtskau6Uw3uxB15mslPZ6Z5AD8MsUvK3yLFEgoHUH8KeYLqEy8Viv8ilj+gFkLCBGXIwO/JGex+JJwa+C7wMe5u6D3YwhwQ8B2eg+LJ2lqzPk48L15uJFjtcWvvMp9KAsua7TEf1VmWwmlfAil7YhvA3ArlV0v/xN+a7/H6dkVCdiBsF48szEjuvoMBMYGfhlfX8B7sRvwbcA2utzNGDXHg4HvzYuY83tDbI5fvT8ZUWaLpfBbqv2QMsTSFkAoLeU5S1N/e5AwGSY+rOV5jk9gqZpCxGEzYFJgobRocdytCBeMXLcUfkzBXj4hY7hG4Vds9uzAQuljmo4fO4rort1f0XyxZVE5Do8h1otPzoVSN+B/MR/2N2k81TlNOuNnPjkfq8ouRBzWJ6wR5FxgtQZejPMDHmMaFs9XBPbAlsdCtc197mPLh70DC6XJwMZNHK8tcC9+WXBt9ahmgk887tuPwM8klLItlGrwcw5d9Iusml8xp3qe71l6fkVM1ia+8WpjQmntRY5xXeAX8RjyH5vXA7gGv3pozRXLPpWma+01xgaENwM9uJljrorfEs6eelSrzmr4hbB8RFlKDOVYKJ1KfB+QX1S52TfHMlWinvMItPwmsiOU1lrkg+U/gV/C39N4DEwe+DnwWcD2eN4Jj7j0JbxD++kRjnuBx/6GowLI1eZKzz5wVWlaJqdCaVNPoZG14MFW+JlP1lKsmA1ROdYj7NLbHBZeeuuKBfeGfAm/nNO27g9cHVCUTHMfhEkFRHss1CDkPfpbhON2ws+I8io9rlWjG/5GzStLKGVXKA1J8LWWpSKb53ue+7N6lkUMQgdzz2Fh/5sVCO+hlEdflp8QNg3/AxovQOxLC6ykU2iLgChxRZsAM4kej7mVHtmqsBPRPbDqst3KE1eWM6HUi/hFHu8mW9P5S+BX/HIUsIaeZ+FJGvYAg+rtf1vClsioxYLD80Iv4lcDaMyn6hpgQODz/FPgezQci8OKwhlED/Z/02O/Igxt8HeIP7xULZQzoRR3QPqEbJZDuMnzOs7UMy08OTrwC3IW0K/e/g8mfKDwDjlp2z2xYqChrvsrYK+UzvWowPdoLja7H/VF7NNOl+mxrSjLeM4mfQMsL6GUTaF0MPFSkCeS3fT6rT2v5Q0aLh8hRGPELevT1NJb/S/+0B4988h+7MNS7mU+j3C+UTe62am0+HkKgnZHj+NvQ/SMqgksXnhXpMfpnvf9ttK1UE6E0tbEc/6dgvmYZJUlgPc9r2k7PdfCg0sDvxzrF8CsIWw5jlrMPHaJDLfn7oSNRfoE8zlKmzUw24WQ98o3weQ8z4/Cbnp8U6cD8Cl+M8q/KF0r5UAoreR5I+tvZ+fgFpzheU2P69kWEWmNn/FflO0BJ5DqBtn3A+//MbJZ/2sZJwpnEm4W6S6s/Esl6E34zLerYpzDRyjTN0schF+M4aeUxTspR0KpNfGdt+8lH95Dg91Xuo8P1Pp6vkUEBuJXdyvKdmm9/fcl/HJO1mq8tcRqtH0a8Bq/BX5Z4etohWWqhbxXr8Q4j82IbsI5hjLUEasenYFnPO/58aVsqYwLpdOIl1HzRs4eMF8xeJOecRGB9VIQMkfX2//aKez/nAy135LAvwJf343AKlW6ntsCX8sI4sVM+lRUuMWJVRGezT3v9wwWzniVUMqAUNqDeGnNXwNDc3YbtvO8xs+wpQAhmiJ0xlutm12pI40A4SMz0naHEL/YdmOzSEdU+ZpCB96PI14pqL74Ldnurkc5FS6PIfJrJJSyI5SWwsoYxElZ3SeHt6EV/mnGWr8XzRGyGGtdNlJ9V+7TA+9/Bpa4UU1WJnztuntY2FKhWuxMWE+tmcD2Mc/lV1hgcJTjvIXFN4lw9MWK2voUwC1vIlEGhVI7rEJ2nAf3IsyFNo8c6nmtH6H6b6JxBgJTA7/wnwW61DtGaLfnLzGn72qxH+YRE+p6vgH2xWIts8BQwsesxS0J1Qp4wuM4f9cjHZQLPO/zC2QzyaK0QumCmA/s3cSrrJ0VVsGv2nYtlQ8IFfnhYsIvi9WPjavBymyE3P/rWO24SrMW8F/i+bQ15gV1T5VFX0N0wS9xJO14yXWIXrNzOgsXYxbxWRL/skOnl7rFMiaUtiL6dGz97T2yMbWdlL97Xvc7lDFVUzTHMoSNr6nb/rDIYPtV4P0/WuF2aovVXJwR8Bq+w8xxs0gN8UIamrOLSDKLf6zHsf6Todm5PHOq5z0eRdmNjjMklPoRLwV3LlaQsgis5fGFVeeSvI+ee7EIZ6YgkiZgWW51rI0F84Y8xv0VbKPtgecJn9G2Qsb7xjOEtwhIUputC9H9nWZRthpj4emD1enzuce/L32rZUQotcS/7lndFPdxBbslD3i2wTOUee1YNDSbFFrA1FWzr88viO6HkyVrgL5Y9te8gOf9eY5e4L8LfM9GkrzkzP6esxvyVqrMDF4tVrh9OQmlbAilQ4m35HYDxVt62jBGO+yq519gS0l3pSCSarElqvqcF3j/c4Cfptw+2xE+E/AesllwuzF2DXz984GfJTynlvh5K12kRz12O/smK1xNWS0BMsZG+C031bdSX6qA7dECeAT/6W+ZsoljUhJJtSxuNHdT4P1PJZ4nTxSWdR9VPwY8368xT6m8faitm0LfCOEP1Y/o9TwnAKvrcfdmF/wSFiYA61dqMiXLW7XpCLwa48Gc6ARWUdk/RpvsrHGg1PzUDWxpiKSXMNuOOtoADwU+xiTCB4y2xNLXxwY8z1lOdOV1OWIQYb2Uat3sYiihH3Vl4Xmgkx77yLTBUvx97UCQUKq+UPpTzAfzyIJ36qUx922fNnlRs0qlZVPCp33X3/Zb5Hi+zspRto8J64G2EZYlFVow7pjzvtIVs2EI2S53BLp37bCi33H7pWic3WLMqP5SQqn6Qmkz4gVU3kd+TSV9OAv/wPZfaDwoHdtjAa5piaQPWDx4di3M1ybkcW4I1B5dgJOIt5zf2DYFuIyFzTbzSg2WnRfy3n0ecHZnQ49ZpeEokSXqbNJjnvf0LdyysoRS9YTSEsQLqvyKYsYlNfblN8KzfZ7CljNFOQa/I7Alq7RE0nysMPWi7JrCsU4OIAB2B14jfPp70Zb5z0vh/i0b8PxuRqnrIdkxxv38ed0vSyhVRyi18nwQ6scG/KpkHfy3MdppJ40Lhacv6WW3LZr63dAsylEpHOvnCdpjSeCfhA8uPwnoWcD+c0IK92+9gOfXHxgW8bgzgS00JDRKZ6L7VNUP4+gkoVRdoXRQzC/bP5Swk/fBsmt82uoNlM5ZVHpjPig/VEAk1QK/buQ8LkvhWJvFaI+WwNExZl6b254A1i9wP/oZZtQbss1CG98e7HGOZQnHiIOvb9Y84ID6O5BQqrxQGoh/kHIttr5a1iWl02KIyr00PhSKJTBj1dAeQM2VBWoo7qQGW+INeayZwGqebbIpVt8x5HmMBY4vQX9akfDlZ/4c+Bzbu5mNqGPeNhomGpx59q128Q6L1EyVUKq8UHowxgM4DiueWFb64F/A8FWgg8aJXNMWWBO4CssIq63w1tgyd2fCx0W9TvQyGEsCV2IWIaGOPw+4DVipJH2rM+Ez315O4Tx/il8smViYk2Lcx8UKrUsoVVYo7R3zATxQ/d07A66W7BbmFIvTygnidbAljAuATwi/PBKi+OhA4rnoN7X9i+aXTlpgXmHDAh/7E5I7S+eRpwO344ekY0/yqMc5qA7cAnrhnw37Jg1kEUooVU4oDSFeCvPDKP0ToBv+cSkfIUO2rH3FLw2sAmzpBNHZWKr2A1g6bsgq9nG3H9x5NsZWKQi4vzTTdpsT3hNpNlYKY5mS9sdbArfnV830m7isQvRlwrElmhVsjgtj3MO9G9qRhFJtxez3T8a/kOHnmFPrDPV5JgF/BK4getDiylgNvcvVfJHoy8Lu063c4NHCfSm3crMsrd3f27i/t8OWOdthcXQdnSjq5rZBQHf383VbB7dlMQD1DCw4uqmPntAzBxOaEJdHA6cT1rX7HbfPR0vc318jrGFjdzfbOCLweX4EXOte/M2xhJtVOrHkY9mKWNKUDy8D9+s1UD2OiKFs5wDbqukWoh2WjePTjtMIm7ZbVM7CAoprS75dEKGt/hX4mHNY3Bqgjfu6De3+PQU4h+IV0o7D1oRfQk1LoHQlepzej5pV8iow3GzWomaU0l9664V/teJa4DqNYw2yG/7LM3eo2ZpkWcIWS83rdhfREgBeIPxSX/2Mt+WIl/QRJYV8E3X3/2f5FPr9pSme7yEe53FLie/rNvgnOtxFE7PEEkrpC6WLYzxsb2B+MaJhfK3oZ2ExHqJh4iYZFGl7lmjlOToDbwc+9kdutrQXcCZhC9jWYj5ku9N4cHpZ6QSMD9zWN6V4vjXAnR6zShuU8J62wpaVfe7ZDCwODAml6gilLbHUft9p+J9pDGuSdfCvkfcoMmRrjMNKLpKGAf0ittVKMWeIm/sw2o3wFgizMGuFZdXFGyV05tvjpOt3t66HuLuf8i2xHhrjnjXrfyWhlJ5Qahvzy/My5CodhTgZKz9XszXIwSUWSR8Da3u01c5YtlhI/6JvsFi6kNf1P1TWIgpXBG73EdiSXppcG/FcplOukld9YnxsfB/lfkkopSeU4tQS+pSwmS1FZm38q6N/DwxQ00koscB5ey3Ptjol49f0DXAqizgLi0Y5JoV7kPYy/wAsSzJqf+hagvvYAlv29L1X50fZuYRSOkJp/Rgv8Snua1VE57oYD8aVajYJJeC/mH2EL3/K8DU9gFkxiOjsmsJ92LUC5+3TD08pwX3cFAtb8U2iiOSGL6GUjlCKU9X8Wo1Z3qyIVXf3aecfkV1A2YXStcSLI2lBeGuAENu77iNLs0j+DCW8LUYlPIz6Ez3+9WuKnxz0XIz7dEzUnUsohRdKW8e4YaNcxxf+7BWjvZ9gYWNFCaVyCKRpmPFrXLoTvj5Ykm0CliUnT6T49CV8EP01FTr3Y4nuA3VOge/hkTHu0b14ZIFKKIUVSj2wWjG+N+0kjVexaQs8E6PNT1HTlUoovYqVHknCSmTHlPNOYGN13cR0wK+WWlSriZoKjX3PRzyn7wr6MT4E/8zyycCGPgeRUAorlOJ4Jt1LOoUUy8SOMdr9e5rxzpBQKsT2I3A10DNAO22Ygev5yPV3jRnhuDHwPZpE5ZJyfgLMj3hefyrYfasBbo1xf272PZCEUjihtBL+RVunYr4YIjlxArufcl9lEkrFFElvEDZFfq8qXst4rNaXjGjDc2HgezWTeIkCcXko4nnNKNis0q9j3JuviVEEWkIpnFCK48dxqsaoYHR3s0S+9+BANV3hhNIILH4jtKg4s0rXczNmsirS4cjA92selTUN3hiYG/Hc7qAYxrv9iGf8unecg0kohRFKK+NvQvcBcooOzeExHpyJwKoSSoUQSF8Bvydiym8Mbqnw9QzDKqDLgDZ9oTEx8L07ocLXcJvHue2e8/vVEgtZiZPEE6uMj4RScqHUhngFLHfV+BScbsArMe7FfZS7DlbehdKHwNnAkim2UY0TLpW4npHA6USrPSeSsyzwZeB7eHsVxF5U774niFb8OavEWQKfAWwb94ASSsmFUpxp24eQ50larI1/UdHZwHESSrnaZmFlOn5J9DptSeiVwqzDott8Nzasrse4orQB3g98L1+qwnXc7XF+2+f0Xq0IfBvjfpyd5KASSsmEUjfM7M3nho3BUhpFesTJPpwIDC5pex2SE3E0A3gN86lZgcouXQ8lfD22Re0LdkHLbNUidHHcD5y4riQrEb20yas5vEctgP/EuBefJJ2dlVBKJpTizCadrzEpdboDL8a4N4+SbuXvrHJQhsXRWMzp/hxghyoKiQuxIN3Q1zcFOBdlX1ab8wmfUDC0CtdxRsTzm0v+ioT/mugGm/WtGhIH1ksoxRdKXYHhnjftOzcLJdJnY+JVeT+5hG21dgYE0RzMLmMsVo7gFMwjZjmq5xnUGvgpFvc2N4VrvlWzy5lhK8IH4veqwnUsgxVXj3KOT5Of2Mzlibf0fVWIg0soxRdKx8e4aUdpPKr4LECcGYxNS9ZOLYiXReLjKzMVGI0FzX4IvIzFGN3mxOluWPZoVoJM1wIeTrFN7iHfAbVFoyWW1BHq/h5fxWs502P2Mw+zSnHd04cBfSSUwmxxpvK7AW+7r92ovOu+WiZqTKoYnbAlON/g2I+wYMfvS9RWvYHtgPYB91kLTMfi8mZjLtnT3DbZiaes0Qs4C/gF4bPovgf+CnyOBW3P1COaKZZ0s5hJBewPwGOuz1eDblhwehRzyWfdWDcrw/flYvxn+ue78ezJUEJJ+HNKDHV7pJqtKmxLvPpct6rpSkVvzAD2B8LPHo1Brtqishzj0T93yPB17Bzzmbs25EloRslfKPbBouh9btrjKFizmpwT40GbjaXNi2LTDTjazfKEFkjTMZPKFdTMosJ08ujTr5DNbMtlsNl93+fubcLUdpRQSiCUjolx41R+oLr0BN6Mcd/GowrtRaUGOCxmv4iyvUl+vWpEMTja46Mwa7FKnYH7Yzx384CdQp+MhJKfUOqEv9nVTXpeM8FawLgYD977KOi2aGxMPD+WqJ4tRxI21kuIOPTG/JzyuOrx+5jP33lpnIyEkp9QOj7GjMR6el4zQ1xjxWupXoq6CCuWr01JIH0H/AHz8BIiK5yEBTZHcYXfMSPnvIN7d8aZxe2ZxglJKEUXSp2Bjz1v3L+Q026WiOvsOh/4rZovt/TH3LxHk47/073ID0lkk3ZYtmWUvvxsBj4IVyVeiZKxmB9cKkgoRRdKR+FfbmE1PaeZY1n8g/FrsVT29dV8uWJ5bCp+CunMIj1JgkKbQlQIn7jalap4nh3cMxXnWdw3zROTUIomlOIEA/9Lz2dm2Yt45Sg+xDIxRLbphcU4fJ2SQHoFK8YrRF6eh6hVJG6o4nleTHzz1lSRUIomlDbBfzp+qJ7PTPPHmA/l/7BlWJE9OmBGkZ+SjkCaAFyElS8SIk+cRnTPr2osIx8d8+P1TWApCaVsCKXbY8wmKfg3+y/VB2K+MK9T82WOPYHnUxJI44C/AQPVzCKnLEX0GdYLK3xuO2Bu/b7P5SQqlCwlodS8UBqIGcf5VANX3EI+WIV4TsxzgQPUfJlgB+AR0qvJdj2wrppZFICos+gjgX4VOqdB+CdJ1W2nVKrhJJSaF0pXet68V/U85oqdiVfiZDIyFKwWLYCNsEKZs0iniO+TpJhFI0QV6IOZS0Z5Bk6uwPl0A56I+Yze5MYBCaUMCKVumOGgaroVm9NjPqzf6GVacX4C3JbiDNLbpODsK0QGqMFK6kR5DkYAHVM8l/ZYEHbcZIpelWw4CaWmhdIvPRR4LbYG3E7PY+7ogAVpx3loh2HTxyJd1sM8sH5MSSCNAH7jvrqFKCrrE30W9qQUz+PPMZ/TicCmlW40CaXGhVIr4N+eN/FYPYe5pT/x/JVqgadJyRFWsA6WTJHGElst8CVmJSBHbVEWoiYnfZjSuHZQzGd1FrBfNRpMQqlxobQiluYf9SZ+j7JiivBSHhnzIf6HE9ciDBsBN3o+g75fpn/EDEiFKBNbET3LLLSR43ZYfGecZ/acajWYhFLjQulEz5v4dz1/hWDfBC/fP6j5ErMKcIcTMmkIpGnAFcAKampRYp6K+LzcTrig6Q2Il2Vci63utJZQypZQagl8hF+WzO569grDRQlexCeq+WIPov9IcQapbrBdRU0tBNsSvc5liGdmNeIbwb4PDKhmY0koNSyU1sPPAOtttOxSJNoDd8d8qGcAh6gJI7Muluo7jfQE0pPuQ6aFmlsIcLMzb1AZg93BWNJLnGf3WywkoqpIKDUslHwj8hXEXTy6Ao/HfLhnY/XkRNNfmHdg7rppCaS3gF2wrEYhxMIcRvTSPXFj+foBr8d8fqeQEa86CaXaBmcTnvN8KapQajEZSPxMuCnAz9SEi7Gp+0Kdn6JAesHN6tWouYVolOWB7yI+UxfF2H8f4JmYz/BcYP+sNJSEUm2DA7nPMsB/0LJbkdkeq/UV52EfBWytJgRgLcwoMm7GS5TtAze4qmitENH4S8Rn6zn8ioH3JH4tzVrg6iw1koTS4kLpBM8bur+etcKzH/GDjL/GTN7KyjrAnaRnFFmLJV4cQrpOwkIUdVZpCtGCuqMug7XEEjPiPs93YSs7EkoZFUptPKcKR6IsmrJwAvGXiz7AAhrLxLZYkHZtitu7WHyg3PCFiE/UUiL3Ei1F/4oEz/RTZNC8V0JpYaHUD5iHX7qx4iDKw3kJBoD3qHKKawVogS1dP5zyDNJI4HCgr7qkEInZmOhWAf2b2dfFCZ7rl7P6TEsoLSyUDvC4qfOA3+oZKx1XkSwLa6kCtklrrFjtY1gQZloC6WPgLLTEJkRIumOz3lGewTOa+Ei6MMGzPQwYktUGklBaWCg9j18JhOX0jJWOjiSrXv9GwfrNfsCDpLvE9o0boDWDJEQ6HEP0eMCG7Db+mOD5/hZYI8uNI6G0QCi1xM859C09W6WlA34WEg2Jpf45vv4lgNOJbyIXdRuLVTDvpy4nRKoMAL4gWtr+AYv87gUJnvEpwOZZbxwJpQVCaUX86tCcoWer1KxIfCO1OqE9IGfXvALwO8z2IE2BNAyLB+umbiZExbgv4vN5s/v5GuCSBM/5j+Qka1xCaYFQOgC/FPCt9FyVnlWBDxMMFO9gNc7y8LV5KfBlygLpByfEllXXEqLi7EC0GMMxmBnv+Qme9bnA0XlpGAmlBULJJ6VxPPleOhHhWAP4PMGA8RWwZUavbSXMD2Uc6ccgnQr0UncSoqq8Q/T6pnHtUuYDJ+epUSSUTCi1JLqXRC0WvNpGz5RwrOte9nGFwvfuay4LtAV+BVyfsjiqCww9Gy2xCZEVDqjAc3963hpFQsmEUm/gTY8b/Wc9T2IRNnKCJ+7gMR7Yo4rn3xorkvlyBQbK74CjUI1EIbLGENL1QPsDOfQelFAyobSOZ+c4Ws+TaIBNsfX7JOv2B1f4nAcAR5J+/FEtFs91AtBJXUWITFID3JDS839eXhtFQsmE0k74ReorkFs0xiaYL0jcwWS2ExNpsxLmffJ1BQTS65hPi4wihcg+uwDTA48B55PjKhYSSiaUDvK44V9Qvrpdwl8sjUgwqMxL6eurDeZZ8jDJlgl9atz9EvNdEkLkg9Yky+ZtSCTlGgklE0pn4+d/01XPkmiGjbFYnCQDzDWBREZvJ1herIA4qgVewBy7W6gbCJFLzg8wDsxz79bcI6FkQunvHjf/aVQIV0Rjffzc3hvansA8S+IwBPM/eqNCAukxJ8gkkITILy2BcxOOBfOB04ryrpRQMqH0H8+XgRBRWYvoBSebWsJaK+Lx2rifvZNkgeU+2Xr/dMfsoNstRK5pD/wVP/PlRbc5VCbOUkKpwkLpWY9OcLueJeHJKiQrd1JXOHK7Jo7RHziQ9AvU1j+fq1C8nhBFoQ/wQMJxYTJmM1IoJJRMKPl4KJ2m50nEYADwUMJBaAJwItBqkf1eipk3VkIgjcEM41bRLRWiMKxI8hjG8eSkdpuEUjyh5LM0Ig8lEZd2wG0BxMpVwDbY7ObECgmk4Vgdtp66jUIUin1IZmlSlw2+aVEbSELJhNJnHh3icD1XIgHtgasrJG5CbPe6WSyZRApRLGqAU4BZAcaJfxS5oSSUammFRflHbjM9XyIBM4DjgalYIdgsMge4G7gWeEl9XohCfrBdhrnyh2BdrKj1WDVtcfFJ4f61mksE4hQnnLIyezQCuBGLVxBCFJP1gVdSGD92K2qDaUbJZpRmerRZOz1nIhAXA6OAi7CMk2rxNnC/2z7QbRGisOyFzST1TWHfa2BWO6Kg+ET7/1nNJQKzLcldvH23mcDLwM6oxIgQRac7cCVh4pEa2z6hoFUrNKNkM0oTPdpsZT1zItDAtQWwNbA30K1Cx/0GeBULvnxKt0GIwjMESyBJu5j7ipif22Q1efFohXnDREVLbyIJ62BeI2sDG1XwuF9hwdn/BT7WbRCiFByI1VtbrkLH2wArqCsKyLlEn158x80GCBGVfsCemAP8ZCq7xDbGHVt9Vojy0Bkrqh1iDPkf0W0EHi9iY2rpzZbevvRos2WwKcZX9SyKJugO7IjNIB1I9dbu52AxSFN1S4QoBZsC5wObBdjXDcCZwCT3wbVOMz+/ihNpGm8KyPaeCvtINZlohNWwgP83yZZx5INYuRMhRHE5hTCz1vOB3y6y7yh14GYDvypao2pGyaz0Vsav0vrVmKupEC2AVTHH9reAH8muy/YPwFHqu0IUjrWBJwlXrmiPBo5xuhNQzf3+NRJKxRRKrYF/e3SkbzAXUlFelgdOAO4A5pKfkiS1wC1O3Akh8k1H4DhgdKCx4RFgYCPHWhZbUmtuH/ezcOFuCaWCCCWAKzw71C/1jJaKGqALcLD7cvumCgLnx4AD4gisGGYL3VohcslKwBMBx5fLabqmYw3wEdESSFaTUCqmUNobPzOut/WSKQWrALtgxWFnVmkG6EM3iC2HBVOGHBwfQCVLhMgTbYGzgCmBxoDvgSMiHvsPEfe5u4RSMYVSB+Bzj841W7NKhaU3cCKW8RFqBsd3mwfcChzmzqc+HYBLsIy2EMf6EjgWW4IWQmSXrbDlsVDjzPOesz87RdzvbyWUiimUAO707GSvUjlHZZEerTGvo/2AF6jOslqd+B6B1YBbkeaDrg8mbOmTV4Ht1B2EyBw93CzS1EDP+hzg70BPz/NYkWgJK3dKKBVXKK0Vo8NdpWc4t6zrZmweoLoB2Z8Bt2FLfL4MAB4KeC7zgQuQlYAQWaAF5l80LOAz/hWwW8zzaQ88FuEY4yiQya2E0sJCqSXmLOo7C7CtnufcMBQ4z4mLcVQ3++wl4FBgUMJr6gAcDUwIeG7DgJNRyR4hqsVPMVfskGPOP7Eg8CRcFfFYa0goFVMoga3B+s4ufOdmo0T26A9sDvweq25d6RIii4rqz4FLsUKVHQNf6wZOfIU856fUt4WoKEu68Spk8shUzM4khIfaqRGPeZCEUnGFUkf3cvDtiJ9iGVKi+qyGuadfS/WCsetvY4EbsUyQtilfe1vgHGBawPOfC/wVWF1dS4jU6AIcgxk+hhx/nsSCwEPxk4jjy4MSSsUVSmA1umbH6JBf6Ou74rRwA8zmWHDi81i6a7XF0Rwsjf+XVMdTZBcn3kNe0wjg10AbdTshgrIe4WeDZ2DZsaFnrnsRLWbqHQmlYgsliB8gOwLYQc99qvQE1sfie17F/ERmU31xNAF4DbP6X5rqu9N2Bf5COBuBuu0jYFcssFMIEZ/VsLihWYGf0TdovoBtEl4j2ipLzyLcJAmlxoXSysRPvZ6CreN20jgQhHZYLaMTgeucOMpSSZCnsQDxjTPafrsDL6dw3f8jfvaMEGVmCGYiO43wH2tnA0ukfP73Es2he20JpWILJYBDEnbaZ4rSUSpMFywe5mAsdf8jLM4nK8JoDpbSfyYWQN05B23aHTOBm0L4APXHgE2wrFEhROMsBVyGrTyEHpdeATat0HUcSTTT3AMklIovlFrjb0LZkC/N5RQoVTIwrbF01V2B44GbUxpEQmxvAXdhS6s1OW3vDYCHU2qf+4At1aWFWIyVgHOBSSk8dx9j9iCVLKm1OdGywy+UUCq+UMJNYYZYthiLBRuvX/IBoztm9HgE8A/30q6WE3aU7TU3wO1LgQzUsJIlaWUE3oscvoUAc/y/OMUx7jZgmSpc1wCixVVdK6FUDqEEZgj4UaCOPQnLBjgcWJbiZhB1dg/welhpkIux2KLvUvqqCrVNdPf6bCwYsmuBB/FlsJivKSm043RsSW5jVENOlI/+bjblh5TGqTeAbaheYfaORCun8p8iPP8SSrWR22oNrHho6A7/IJZyvRn5iHVp6IEZ4GYQDgNOczNnL5NdMdSQeP0vcD7l9AraIOX7dR/xyrMIkTfWBP6Q4sfgSGw2uNq0xJJYoszI5z7zTUKp1ivWZBXgHixjITRT3UzGSOB14E0sYHiMm+KsJh2wAOul3VRyP8wvqjdWrLEHMJjqp8P7MN+Jo7pg8ddLPsB3xzyfTiO9qfwngZuA2/U+FQVjZSwrd0egTxrvamwZ61rg/Yxc89+Ao5r5mVFYoscXeRdKZcc3KHd5N9innQo+C7Own+M62WvYstV3WAroDKyK83gs82gulmUwz4mA2kWuscZ9BbR0gqYl5oPTHUu/b+tmh3phFvq93bYq0Nf9Thu3tcrhfZ4GfIst/90NvOvabq7G+IXoivlA7efuexoC9RPgIjeL9bmaXOSUHu7j+VhsRj2tFYEXsESXtzN2/WdhtijNsQlmpimhVCKhhBMSVwN7ZOD8v8dmo2a6bTYLDAbraOGEURsniNo6cdSTYgUoN9Q2r7qX8ZOYXcN8je+RWBELYt8rxWNMwgL670UzeiJfAmlvLPV93RSP8y5W+uh692GcNQ7HwiyaYwfMc01CqYS0dWo6tGGYtvjbLGyq9wqsuPHy5DeNPwu0cF/Kz5F+Lbx/A1uQfi08IeI+C3UB2h+m/DyMxgrY9sl4m+wW8Xr2zPvNV4xScqG4Nmb0JaFS+W0q8B7wCBYQv7ybKRNhaelmll5P+X7OxdKof4P5zgiRhdmjHbEMzpkp9/9vsNpseQl+3i7idR0moSShVPcwnYzFwEjApLsNx2ojnQpsTbHT97NGa8yt/o0K3OcfgGuAfdTsogqsA/yR8IVqG9p+dAIpbx8HG0YUj6dJKEko1ac/5r8zToIm2IzRGMyL40hgI6wEgKguPYH9ga8r0AfmYUsdvwMGIk8mkW6/3snNHlViDJ+MxbrmdfZ0BaJVUci9O7eEUjoxWr1d5xgmseM99fwCFq9yIuZd1UHjd2Zp4+7TGxXqH/MwS4f9sGxMIZLSA/P4uqiCH7hjsMzpFXLedstiFjbNXe/VEkrl8lGK05G2AXZ2m1iY8cATTlB+5mYOvsJcnUW+vsR/SWVji0YAz2NZjTdiSRVCRGVbLGt5NcxwtRLMBa7E6oe+UYA27IdlszX30XIzcFDehZKozJf3KljMxeeYD1KZMtHGOgH0LvBn9wW3GpbVoYrzxaE7VhPvwwr3sRHAU1ga8gDdBtEAvTHX/auwJeMZFeyfI91xlytYm/bBynFFqUenGSXNKHmzJvBTbGlpAyy2qQhMxryLRmAprl+5B+kzrPzLTI3XpeFAN8u0fYWPOwtz/n4VM7T8ULeitPQAfoJVUvgVVj2gkgzHPMKudmKpiOLzESzzuynudmOBZpRyTLV9dlZy23JOOG3ivopbZLXPYKaNE4AXnRj6GstS+gpbfx8rUSQwT6StgaOdYKp0n/4eW9Z9Hot7+5SFjVhF8ejpxNFumF3ImlU4h2+xLLZH3AdiUYkqlO4BfiGhJKEUko6uAw4GBmEBf+tgtdY6YGVH2mN+Qe1IvnQ1hwXlUmbX+/ssbHr6Paxsyg/uq2iEE0MzsbTWeRqbRTO0wjLWjse8VwZW4RymY8kC97KgdMpX6r+FeFkPAoYCu2KZsZ2rMK5Pc6L8ZuBWyhEztyQWo9ScGL0TczKXUJJQqgi9sDiQbm7r6oRVR6xgbRsW1HJb6D6zoA7cHPcQj3Yvj+nuvydj6fj1/y5EaJbGrAX2ci+3ajEam2kajgXWvuw+AES2aYPNvG/mBNL6VGfWqL5Aus0J8CdLdi+WckKpuef4X1imqoSShJIQwoM+2JT9YdhSSTVtIOZgs0vjsXqATwAfY8vLc3Srqjo2d8ayhzfGPI76ObFdTffqeVih8iuw8j4flfT+LIt5Tq3YzM/9HfPBk1CSUBJCxGQQVttqQ2CtjJzTTGym6SVsSWUEFuM0QrcrNbpiIQfLYXGa62L1/5YgGzGb32KhCNcDD6Nl2+Xdh8XSzfzcpcBvJZTyTSuNT0JUlS+AY7A4vJ9itbX2rfJHTDtgU7fV8b4717FuFuEN999asvOnEzY7tAawHhZr1N/9d5eMnevrwB3Y7MnHunX/Ty9335pjopoq/2hGSYjsPZODMLPWX2NT/F0yeJ51sXyTMY+wd7CYpxFYAsR0LCGirDMP7bAl1V5OBA3AzAnXxeJbOmIp/FnzUpvrxO8DmIP2cGCSHsvF2B6LUWqOw4F/5PlCNaMkoSRE1lkT88FZD7PPyMMzOw6bbfoasykY47avsBmpicAULHM0r7TGYoi6YTFDy2CxZ73dn8uyIHs3D3zqxO6/sbR3VQhomr0xz7Lm2MO1qYRSjtHSmxDZ5h23dcLSv38CHOpe0FllCbetv8i/T3ciaiILskynAaOciJqIBZVPxGaqfnTbNPe781M+77aunTthMz6dsEzbHk4M9XHip737f52x2KIe7nrzyMPY0trL7h6IaCwd8ecmqanyj2aUhMgfvTCPsZOw8kBLuRd3EZiDLf/MZYGtxzwnkmqdqPoG8z2b6QTUbPd79X++bnxrhQVDt3L/3ZoFy2JtnRCqq9HXAlsKq7+1cr/ToiDt+y3mC3cjVmR5vGs/4cfVmJlscyJpI3Ie26UZJQklIfJOS8xX56dYPa+tUQ1BsTAfYmVtXsLiakarSRLRAvMh27iZn3vTPZfjJJQklIQQ2aADZoC3KhZDsTFmUqjnvFzMwYLqb3EC6QMsVkyEoRe2TNmxmZ+72z2H8/N8sRJKilESokhMdy/GV7GMpR6YseXuWOr5ClhMjSgWkzCPo7FYGv/z2BKbak6mw6pEM4kdmXeRJCSUhCgy89yL81G3gS3RbYzFNG2NVZYXxRDIHwBXYun8Il12INos7XdqqmKgKXkhyklfzN9nOWBPYHMsuLkDinHKK2Ox1P4LgM/UHKm9M1/F7DqaYjSWofpB3i9YS28SSkIIowVmiri6G+AHscAPSMt1+WIOZnJ4q3upi3BsCjxI8/Yc72EliXK/9CahJKEkhGicJbGaVis74TQIWMeJJxGGH7EyIcOwWKNDnEANwTTgPieaXlRTB+F84IwIP/cgsEsRLlhCSUJJCBGd1pjvUF8nlpbHnMPXcl/Y7bFMoNZqqsUEy3QsuHoYZiD6EZY59T3mZVTnUr4UVvvvEKLVEot6/BeBPwBvoyDvuPRzorZvhJ/dGnhaQklCSQgh6ljCvUgGAqu5PztjmXe9MWfr3gVvg28wQ8xxWImWsVgdvOFYFtpoYFbEfS0DHIell/cNeI6PYiU1HsaMJ0V0zgLOiyhMl6QgZWAklCSUhBDpUieW6mai+mBFfpd0/72E+/tQLJg8s+8LrH7dl8AErHbdSBaUYxnvhNI4bAktVDHg1YD9gGMDt8+HWOHbK5ygE03TC5sF7BXhZy8FTqEg1gASShJKQojqUlcipCO2dNeBBcVmu7o/u7itE1Z+pCewohu/auqNY82NZ7WLbKOxwr11pVCmYjXm6m+T3P+bgS2PzcLKq1T6JTgQi43ZKeLLOiqTsKDvW7BSGz+qSzbIn7GSQc0xEwv4frMoFy6hJIQQIk+sAVzjxFtt4O0x4HAnVMUCNsNmEKO04b0ULEavtra29JsQQoj8sboTTDNSEEzvAxdhTu5l99TqgqX6R2m32ZgZZaGQUKqlRmpJCCHySU1NzWDgdKz4ap/Au58DPAf8HYvP+bhkzdvKidFDI/78c8AWRRRKpX/O1AhCCJFboVT31zWxDLkj3CxIaH4A7sf8gR6n+DXMWmAO57+LqieADYHXJJQklIQQQmRPKNUxEDjMbT1TOOQMLLvvv1gA+NdYOnyhmhW4GPitx+/cDBxUxD4mjSChJIQQRRJKdSwJnABsghVCTou3gTswv6iXyb930EDgXMySISoTsCW3D4rYx6QRJJSEEKKIQqmOTliA8WHANimeyjzgBSyW6T7gJaKba2aFbYGrsCB2Hw7HysQUEmkECSUhhCiyUKqjHbA2cBo2w9QtxdOagRlxfgRch820fE92PZpWBU4Ffu7ayYe/YiVnCos0goSSEEKUQSjVZz1gL2ArzGYgbeYDzwBvYJlzb2NlXao947Q5sCc2IxTH++hN14ZTJZQklIQQQhRHKNWxlBMLxzrx1KJCp/292yYBr2DFYz/HYn1mp3jclu6aDwc2cNccN0PwC2BXrBRMoZFGkFASQoiyCqU62gDLY0tIW7u/V5LZbpsCvIgt2X2B1c2bjJWamYYt6c3C/J0aoxW2fNYRW15cGvOXWgP4GVZsuGPC8x0B7IbNkBUeaQQJJSGEKLtQqs+S2LLcBljMThbKcXyLFe6dhC1z1dXem4sFkbfAZovqBFJXzBqhP+EtEj7GMuLeKksfk0aQUBJCCAmlBnYNrIalvR+GFSFuXfLmfgr4DSVzKJdGkFASQggJpeZFU51gWgHLnisTs4HLsVIx88rWx6QRJJSEEEJCKTrdMF+mVbElqH4Fb+LvMEuF28rax6QRJJSEEEJCKR59gWWB7YBfuv/uVpCmnQDcClyE1bkrLdIIEkpCCCGhFIbVsJT51YF1sQyzvDEO+A/wZ+Az9TAJJQklIYSQUEqDlZ1wGoyl5W+Q8aaciLls30+JMtoklCSUhBBCQqn6dMDS9AcBewCbun/r4bZq8RUwDCuz8jI2myQklCSUhBBCQqnqdAZWwrLp+gO93J/LA71TOuZo4FXMl+kN4BFgvHqRhJKEkhBCSCjlge5YQHg/J6T6uL/3wWakurl/74SZS7bGjCZrMfPJGVjh3UlOAI0GvsFmjsZjZVOGu58VEkoSSkIIIYQQSWmhJhBCCCGEkFASQgghhJBQEkIIIYSQUBJCCCGEkFASQgghhJBQEkIIIYSQUBJCCCGEkFASQgghhJBQEkIIIYSQUBJCCCGEkFASQgghhJBQEkIIIYQQEkpCCCGEEBJKQgghhBASSkIIIYQQEkpCCCGEEBJKQgghhBASSkIIIYQQEkpCCCGEEBJKQgghhBASSkIIIYQQEkpCCCGEECXl/wYAQHQOMmblUb8AAAAASUVORK5CYII=', 'EMPRESA', '9831039027', 'chulimcruz@gmail.com', 'AV HEROES', 305, 0, '77010', 'entre justo sierra y bugambilias', 'edificio color blanco con puertas corredizas de cristal', 1, '2018-10-01 11:58:34', '2018-10-01 12:19:16');

-- --------------------------------------------------------

--
-- Estructura de tabla para la tabla `cat_grupos`
--

CREATE TABLE `cat_grupos` (
  `id` char(36) COLLATE utf8_spanish_ci NOT NULL,
  `nombre` varchar(100) COLLATE utf8_spanish_ci NOT NULL,
  `pagina_inicial` varchar(50) COLLATE utf8_spanish_ci NOT NULL,
  `activo` tinyint(1) NOT NULL DEFAULT '1',
  `created` datetime NOT NULL DEFAULT CURRENT_TIMESTAMP,
  `modified` datetime NOT NULL DEFAULT CURRENT_TIMESTAMP
) ENGINE=InnoDB DEFAULT CHARSET=utf8 COLLATE=utf8_spanish_ci;

--
-- Volcado de datos para la tabla `cat_grupos`
--

INSERT INTO `cat_grupos` (`id`, `nombre`, `pagina_inicial`, `activo`, `created`, `modified`) VALUES
('3727c908-c699-11e8-a393-14dda990f926', 'SEMA', '', 1, '2018-10-02 18:16:39', '2018-10-02 18:16:39'),
('521c02c9-b838-43dc-be3d-219f07202c6d', 'SM2', 'INDEX', 1, '2018-09-27 20:07:05', '2018-09-27 20:07:05'),
('e5f337fc-a6be-49ca-8930-07a5e26c5f3f', 'EMPRESA', '/Inicio', 1, '2018-10-13 12:49:48', '2018-10-13 12:52:12');

-- --------------------------------------------------------

--
-- Estructura de tabla para la tabla `cat_grupos_cat_menus`
--

CREATE TABLE `cat_grupos_cat_menus` (
  `id` char(36) COLLATE utf8_spanish_ci NOT NULL,
  `cat_grupo_id` char(36) COLLATE utf8_spanish_ci NOT NULL,
  `cat_menu_id` char(36) COLLATE utf8_spanish_ci NOT NULL,
  `activo` tinyint(1) DEFAULT '1',
  `created` datetime NOT NULL DEFAULT CURRENT_TIMESTAMP,
  `modified` datetime NOT NULL DEFAULT CURRENT_TIMESTAMP
) ENGINE=InnoDB DEFAULT CHARSET=utf8 COLLATE=utf8_spanish_ci;

--
-- Volcado de datos para la tabla `cat_grupos_cat_menus`
--

INSERT INTO `cat_grupos_cat_menus` (`id`, `cat_grupo_id`, `cat_menu_id`, `activo`, `created`, `modified`) VALUES
('06a0a90c-f09e-4fee-bce4-d40287cab3eb', '3727c908-c699-11e8-a393-14dda990f926', '8d5c4b40-fbac-4024-a920-a84aa6b97d51', 1, '2018-10-14 12:06:29', '2018-10-14 12:06:29'),
('174a4063-54fb-448e-9747-27d1681eb023', '3727c908-c699-11e8-a393-14dda990f926', 'bab47bac-76d8-46ee-8127-3fdb8d16293d', 1, '2018-10-14 13:32:04', '2018-10-14 13:32:04'),
('187559cd-7afe-4eed-8a0f-b5989b4859d1', 'e5f337fc-a6be-49ca-8930-07a5e26c5f3f', '8d5c4b40-fbac-4024-a920-a84aa6b97d51', 1, '2018-10-14 13:10:47', '2018-10-14 13:10:47'),
('18dc708b-e5e7-4eb5-bc78-e2f23d2a99d0', '521c02c9-b838-43dc-be3d-219f07202c6d', '8d5c4b40-fbac-4024-a920-a84aa6b97d51', 1, '2018-09-28 13:26:51', '2018-09-28 13:26:51'),
('1fe5d6ce-055a-420a-9918-3a9678ead0ec', '3727c908-c699-11e8-a393-14dda990f926', '50f34ab1-3b2d-4a10-b903-d78ca30aa7d5', 1, '2018-10-14 13:11:15', '2018-10-14 13:11:15'),
('25549ce7-cde5-4428-b6d1-edf776ed3109', '3727c908-c699-11e8-a393-14dda990f926', '55179685-587b-4891-a419-6dca6162830b', 1, '2018-10-14 12:07:44', '2018-10-14 12:07:44'),
('27d0d5e6-5694-4785-96ca-d574ed40c442', '521c02c9-b838-43dc-be3d-219f07202c6d', 'f7d544ce-ee49-4398-8288-2ad673b4883e', 1, '2018-09-28 13:04:07', '2018-09-28 13:04:07'),
('33c4e651-b210-49d0-956c-e7e073f35186', '521c02c9-b838-43dc-be3d-219f07202c6d', 'bab47bac-76d8-46ee-8127-3fdb8d16293d', 1, '2018-09-28 13:46:16', '2018-09-28 13:46:16'),
('3b5db656-3fd4-451f-9fa8-771e2d143e15', '521c02c9-b838-43dc-be3d-219f07202c6d', 'ac7a13a5-2a81-41c1-89d8-78953be77c2a', 1, '2019-03-06 13:46:09', '2019-03-06 13:46:09'),
('3e49bf29-7c46-4e4b-a56f-7567cce34195', '521c02c9-b838-43dc-be3d-219f07202c6d', '614830be-11e7-4dcc-8de3-c89b7777e9ec', 1, '2018-10-13 12:28:12', '2018-10-13 12:28:12'),
('65d41a88-5df0-4eb7-b397-da0100be70da', 'e5f337fc-a6be-49ca-8930-07a5e26c5f3f', '50f34ab1-3b2d-4a10-b903-d78ca30aa7d5', 1, '2018-10-14 13:11:15', '2018-10-14 13:11:15'),
('6743e657-9052-46b3-b8df-0e91b106bff0', '521c02c9-b838-43dc-be3d-219f07202c6d', '513cb74d-8b75-4489-a5cb-c5ffad94d52d', 1, '2018-09-28 13:19:08', '2018-09-28 13:19:08'),
('6c6ad714-82c1-4592-bc0e-aeeb596337e4', '3727c908-c699-11e8-a393-14dda990f926', '949fb051-6215-480b-a04e-fcac56b48d65', 1, '2018-10-14 13:33:04', '2018-10-14 13:33:04'),
('72bd8439-df71-4fa4-99b8-efc8359843e7', '521c02c9-b838-43dc-be3d-219f07202c6d', '7192eb43-105a-4d20-8d37-95cfce278c08', 1, '2018-09-28 12:53:17', '2018-09-28 12:53:17'),
('7c8713a7-e3f8-4e83-b05e-1ec2ce05c3b1', '521c02c9-b838-43dc-be3d-219f07202c6d', '6685a49b-963d-4bbb-a1b5-6cac0bba4657', 1, '2018-09-28 13:23:06', '2018-09-28 13:23:06'),
('870d0936-bd52-473d-9904-64c522870fa7', '521c02c9-b838-43dc-be3d-219f07202c6d', '45bf8e56-4989-4a35-8c2c-5d5719c539cc', 1, '2018-10-17 15:18:59', '2018-10-17 15:18:59'),
('88d993d4-5a27-4347-8b36-3565fe0145da', '3727c908-c699-11e8-a393-14dda990f926', '6685a49b-963d-4bbb-a1b5-6cac0bba4657', 1, '2018-10-14 13:32:43', '2018-10-14 13:32:43'),
('909215e5-54bc-4f18-868e-cb53983f6712', '521c02c9-b838-43dc-be3d-219f07202c6d', '490013a9-b9af-4d43-a148-78a35519358e', 1, '2018-09-28 13:10:18', '2018-09-28 13:10:18'),
('93a95648-6159-4420-b3f3-77835971d358', '521c02c9-b838-43dc-be3d-219f07202c6d', '949fb051-6215-480b-a04e-fcac56b48d65', 1, '2018-09-28 13:17:34', '2018-09-28 13:17:34'),
('a52532ad-8e10-4a83-93eb-a0ad49240d5c', '521c02c9-b838-43dc-be3d-219f07202c6d', 'e16213fd-a0ff-4e9c-bcfe-48883d504657', 1, '2018-10-17 16:36:26', '2018-10-17 16:36:26'),
('ac8048c5-303c-44de-9137-3ce971276b31', '521c02c9-b838-43dc-be3d-219f07202c6d', '55179685-587b-4891-a419-6dca6162830b', 1, '2018-09-28 11:01:56', '2018-09-28 11:01:56'),
('ae2e93f6-92c5-4d43-a04a-6a1f8b1186a8', 'e5f337fc-a6be-49ca-8930-07a5e26c5f3f', '55179685-587b-4891-a419-6dca6162830b', 1, '2018-10-14 12:07:44', '2018-10-14 12:07:44'),
('b5dac166-4ce2-4e97-9a8f-1c161fb31679', '3727c908-c699-11e8-a393-14dda990f926', '513cb74d-8b75-4489-a5cb-c5ffad94d52d', 1, '2018-10-14 13:32:55', '2018-10-14 13:32:55'),
('b97b44bb-6f52-450b-9545-4b3c626ea41a', '521c02c9-b838-43dc-be3d-219f07202c6d', '50f34ab1-3b2d-4a10-b903-d78ca30aa7d5', 1, '2018-09-28 13:18:15', '2018-09-28 13:18:15'),
('c94329a8-7cd2-417d-8901-fb6e92db146e', '3727c908-c699-11e8-a393-14dda990f926', '7192eb43-105a-4d20-8d37-95cfce278c08', 1, '2018-10-14 13:11:01', '2018-10-14 13:11:01'),
('e9c3977a-6020-4a89-b0c7-8cb5a7656fd3', 'e5f337fc-a6be-49ca-8930-07a5e26c5f3f', 'f5a1baae-8995-447c-b67b-b9007acea78f', 1, '2018-10-13 14:31:02', '2018-10-13 14:31:02'),
('f3332138-11b2-4ff7-8180-cf52e30d0162', '3727c908-c699-11e8-a393-14dda990f926', 'ac7a13a5-2a81-41c1-89d8-78953be77c2a', 1, '2019-03-06 13:46:09', '2019-03-06 13:46:09');

-- --------------------------------------------------------

--
-- Estructura de tabla para la tabla `cat_grupos_cat_permisos`
--

CREATE TABLE `cat_grupos_cat_permisos` (
  `id` char(36) COLLATE utf8_spanish_ci NOT NULL,
  `cat_grupo_id` char(36) COLLATE utf8_spanish_ci NOT NULL,
  `cat_permiso_id` char(36) COLLATE utf8_spanish_ci NOT NULL,
  `activo` tinyint(4) NOT NULL DEFAULT '1',
  `created` datetime NOT NULL DEFAULT CURRENT_TIMESTAMP,
  `modified` datetime DEFAULT CURRENT_TIMESTAMP
) ENGINE=InnoDB DEFAULT CHARSET=utf8 COLLATE=utf8_spanish_ci;

--
-- Volcado de datos para la tabla `cat_grupos_cat_permisos`
--

INSERT INTO `cat_grupos_cat_permisos` (`id`, `cat_grupo_id`, `cat_permiso_id`, `activo`, `created`, `modified`) VALUES
('018a92a4-3c5d-4438-baf8-ecf237babe1d', 'e5f337fc-a6be-49ca-8930-07a5e26c5f3f', '51848824-2275-4eab-ba7a-68316755cbe0', 1, '2018-10-13 20:19:53', '2018-10-13 20:19:53'),
('052aa1c1-574e-4d5d-8129-5b513df0ac68', '3727c908-c699-11e8-a393-14dda990f926', '97345ad3-f24b-4d1f-8295-bc48a5c00019', 1, '2018-10-13 19:24:20', '2018-10-13 19:24:20'),
('10cbd987-a9fa-43ea-8524-9f584d56b7fd', '3727c908-c699-11e8-a393-14dda990f926', 'ba43f4a9-cc08-454b-a609-d0a98695a9ba', 1, '2018-10-16 11:30:13', '2018-10-16 11:30:13'),
('1488e67e-d787-4c74-91fe-cdc4a0f76d0f', '3727c908-c699-11e8-a393-14dda990f926', '1d710cce-142a-4518-a778-9927a3e9d9da', 1, '2018-10-13 19:22:58', '2018-10-13 19:22:58'),
('1c0049c7-92cd-43d5-947f-e9c87bbe88b3', 'e5f337fc-a6be-49ca-8930-07a5e26c5f3f', '2c203bbc-c50b-4ec6-9510-0a2e4d038176', 1, '2018-10-18 13:25:55', '2018-10-18 13:25:55'),
('1c801234-b318-442a-b132-6a488034c0e9', '3727c908-c699-11e8-a393-14dda990f926', 'f98abdad-b0ce-42e0-96b4-14cb3541e3ae', 1, '2018-10-13 15:32:22', '2018-10-13 15:32:22'),
('1d44d766-ca5b-421f-8c9b-25ca9f988edd', 'e5f337fc-a6be-49ca-8930-07a5e26c5f3f', '7c42a613-5b61-464d-9c1f-20c5bea56469', 1, '2018-10-19 18:39:09', '2018-10-19 18:39:09'),
('26ca936a-8156-4ab7-93c4-1f31d4d30c2d', '3727c908-c699-11e8-a393-14dda990f926', '7c42a613-5b61-464d-9c1f-20c5bea56469', 1, '2018-10-13 19:25:11', '2018-10-13 19:25:11'),
('282d1ab3-da3a-49dd-bb3f-cf2f31efe706', '3727c908-c699-11e8-a393-14dda990f926', '604159b6-bdbb-4a54-acc9-2e463e7dc290', 1, '2018-10-13 19:25:11', '2018-10-13 19:25:11'),
('2b748d1e-4020-4c77-ab8b-45f01f59f604', '3727c908-c699-11e8-a393-14dda990f926', 'fa7b6caa-5259-4bee-8d09-2f736b617a8d', 1, '2018-10-16 12:45:20', '2018-10-16 12:45:20'),
('2dd4f3a8-0d00-474b-af68-c38becf821fd', '3727c908-c699-11e8-a393-14dda990f926', '12cc0bc8-c27e-4404-9363-c99373683b4b', 1, '2018-10-13 19:26:13', '2018-10-13 19:26:13'),
('309b8a47-93fb-4669-80ce-7755b75a29f2', 'e5f337fc-a6be-49ca-8930-07a5e26c5f3f', '907a2c4a-877f-4056-9e6c-359159d1440b', 1, '2018-10-18 16:54:36', '2018-10-18 16:54:36'),
('3db4d1db-7953-43e2-956b-11b66ee602ac', 'e5f337fc-a6be-49ca-8930-07a5e26c5f3f', '8caf2c98-5c3d-427c-b94e-3762015d6e9d', 1, '2018-10-19 12:30:54', '2018-10-19 12:30:54'),
('3eb226fc-664f-4a07-89da-50a839d13426', '3727c908-c699-11e8-a393-14dda990f926', 'a56f7f7f-f9f6-403a-85f2-deff7500f3a6', 1, '2018-10-13 15:32:22', '2018-10-13 15:32:22'),
('3ebb002b-0425-4410-8a9d-117d30b0ac34', '3727c908-c699-11e8-a393-14dda990f926', '15c1b6fb-6e3b-4dae-8d27-67ea82c63629', 1, '2018-10-16 17:12:47', '2018-10-16 17:12:47'),
('4205edf7-66c9-4faa-a823-73a3949a9193', '3727c908-c699-11e8-a393-14dda990f926', '182b02a0-ae1b-41db-bbc1-d865dd39acdc', 1, '2018-10-13 19:17:15', '2018-10-13 19:17:15'),
('441261dc-cd60-4589-9755-fbe11b981832', '3727c908-c699-11e8-a393-14dda990f926', '6edf6030-9d5c-4eab-83ab-3822cf00a252', 1, '2018-10-13 19:17:15', '2018-10-13 19:17:15'),
('4517abdb-da36-4a61-a2f2-6cd96da3e5a7', '3727c908-c699-11e8-a393-14dda990f926', '59c50f17-7d65-490c-acbc-15539bb51d7c', 1, '2018-10-13 19:16:34', '2018-10-13 19:16:34'),
('4788756c-9b98-4f8c-bf47-65c0a7d0bece', '3727c908-c699-11e8-a393-14dda990f926', '42f38fb8-5ffd-42e0-be68-bddad4ee13ed', 1, '2018-10-13 20:18:33', '2018-10-13 20:18:33'),
('4b965bb4-b66b-4674-a5c0-50fb72c43edd', 'e5f337fc-a6be-49ca-8930-07a5e26c5f3f', 'e9129724-9535-4b5c-bc40-645e07f95241', 1, '2018-10-18 19:01:23', '2018-10-18 19:01:23'),
('4f78e561-0112-433a-a889-32068d18f065', '3727c908-c699-11e8-a393-14dda990f926', '7ef644ba-b8ff-43b6-9019-9e8541856b59', 1, '2018-10-13 19:22:57', '2018-10-13 19:22:57'),
('507f8f97-9e82-4556-ac87-cf21c1c9c705', 'e5f337fc-a6be-49ca-8930-07a5e26c5f3f', 'f221be57-be72-4f3f-9bc8-51536eebc589', 1, '2018-10-18 18:57:26', '2018-10-18 18:57:26'),
('55fa5247-aec0-4329-91c2-98234484af42', '3727c908-c699-11e8-a393-14dda990f926', '3ca26eca-ea45-4094-bcd6-481d29da2a7a', 1, '2018-10-17 13:18:05', '2018-10-17 13:18:05'),
('5be40963-b399-4842-8e45-0218e626ce89', '3727c908-c699-11e8-a393-14dda990f926', '96e1e215-de34-4b46-8b54-7e7ef6e02315', 1, '2018-10-13 19:24:20', '2018-10-13 19:24:20'),
('61abc02a-e292-4b91-a2de-8a89eca3feb4', '3727c908-c699-11e8-a393-14dda990f926', '907a2c4a-877f-4056-9e6c-359159d1440b', 1, '2018-10-13 19:26:13', '2018-10-13 19:26:13'),
('636394d6-2243-4201-b641-f962221f707c', 'e5f337fc-a6be-49ca-8930-07a5e26c5f3f', 'e8727aa8-53ee-4f49-ac0e-2a9631447ac8', 1, '2018-10-19 18:27:02', '2018-10-19 18:27:02'),
('6429aa5c-5f25-4521-a853-6ce4efd5b6d4', '3727c908-c699-11e8-a393-14dda990f926', '4f00376d-7791-442d-90e9-dec1cacaef0e', 1, '2018-10-13 19:25:10', '2018-10-13 19:25:10'),
('6981c631-c375-4d00-962e-2d3c624e6282', 'e5f337fc-a6be-49ca-8930-07a5e26c5f3f', '259a5528-fe91-413d-8785-a4aeb694d3f4', 1, '2018-10-19 19:05:41', '2018-10-19 19:05:41'),
('6ba02fd9-c6e3-494a-ba26-eb5d8f86a305', '3727c908-c699-11e8-a393-14dda990f926', '2e96488d-1697-4097-bc54-50db97c9385c', 1, '2018-10-16 19:07:16', '2018-10-16 19:07:16'),
('6cebc317-4f11-4a6b-b0ae-3e63f982edd7', '3727c908-c699-11e8-a393-14dda990f926', 'b7241682-aff6-471e-9e1e-631d3d601805', 1, '2019-02-27 19:09:49', '2019-02-27 19:09:49'),
('7104eb31-6698-481d-b779-5cf6fb0dabb9', '3727c908-c699-11e8-a393-14dda990f926', 'f53a8010-6bd4-4c84-877f-f02c43308592', 1, '2018-10-13 19:24:20', '2018-10-13 19:24:20'),
('75596ef0-0e13-4085-b324-efaa135a8d94', '3727c908-c699-11e8-a393-14dda990f926', 'eeccd925-3ebf-400f-aae4-20cb3db3a72f', 1, '2018-10-13 19:16:34', '2018-10-13 19:16:34'),
('7acfbafc-8149-420b-8a73-ed762e830b25', '3727c908-c699-11e8-a393-14dda990f926', '2fc85191-c562-4442-8cf0-5d38b923839f', 1, '2019-03-09 12:37:50', '2019-03-09 12:37:50'),
('7de46981-cefc-4e1d-82bd-e79618609d6b', '3727c908-c699-11e8-a393-14dda990f926', '13e2889d-db72-442b-8cb9-af4b953bc469', 1, '2018-10-16 11:30:13', '2018-10-16 11:30:13'),
('849cbddd-953b-456c-b25d-05b57bc6a391', '3727c908-c699-11e8-a393-14dda990f926', 'e8727aa8-53ee-4f49-ac0e-2a9631447ac8', 1, '2018-10-17 17:22:46', '2018-10-17 17:22:46'),
('89b559f4-00ab-4dab-a0ee-a29e785a3aa0', '3727c908-c699-11e8-a393-14dda990f926', 'a18a655f-9ede-4849-bf08-3a2081d395bb', 1, '2018-10-18 13:26:33', '2018-10-18 13:26:33'),
('9501b36c-c136-47e2-868d-02d207c92284', 'e5f337fc-a6be-49ca-8930-07a5e26c5f3f', 'a4de4fe7-ebde-42b6-b353-6768121628ff', 1, '2018-10-19 18:51:17', '2018-10-19 18:51:17'),
('9bd179d9-33d2-4625-a7c1-12a4e00d6c50', '3727c908-c699-11e8-a393-14dda990f926', 'a8524780-9b4f-468c-b13f-0d4953d11d09', 1, '2018-10-16 11:30:13', '2018-10-16 11:30:13'),
('9dc8814f-c779-4d19-b72b-feea9fa50431', 'e5f337fc-a6be-49ca-8930-07a5e26c5f3f', '4f00376d-7791-442d-90e9-dec1cacaef0e', 1, '2018-11-13 16:01:44', '2018-11-13 16:01:44'),
('9df7018e-3671-47e3-8ebe-06e786967ce7', '3727c908-c699-11e8-a393-14dda990f926', '3e50f034-961c-4b2c-aaf9-4f58c2515e5a', 1, '2018-10-13 19:22:58', '2018-10-13 19:22:58'),
('9f2b1c32-8284-481f-b0ce-9c8cb68e7de6', '3727c908-c699-11e8-a393-14dda990f926', '5dbaa94e-e008-418c-9dd0-13d72efa5440', 1, '2018-10-13 19:16:34', '2018-10-13 19:16:34'),
('a2a5a474-fc4b-409e-8ed1-37527a6a1799', 'e5f337fc-a6be-49ca-8930-07a5e26c5f3f', '2fc85191-c562-4442-8cf0-5d38b923839f', 1, '2019-03-09 12:37:50', '2019-03-09 12:37:50'),
('a60b843d-e360-4ea1-9901-adcc0902151c', '3727c908-c699-11e8-a393-14dda990f926', '8d7c88ab-0d4e-48af-b3bc-d43693f7c4f9', 1, '2018-10-13 20:18:32', '2018-10-13 20:18:32'),
('a96abe9f-71d2-4b2a-9a26-78d007aac71f', '3727c908-c699-11e8-a393-14dda990f926', '3130fd62-6a81-41fc-ba28-47f17ff37905', 1, '2018-10-13 19:16:34', '2018-10-13 19:16:34'),
('ac7a0ff0-8ae6-483f-92e5-4fdc8c5b96d1', '3727c908-c699-11e8-a393-14dda990f926', 'fb383788-a2b4-46e1-b5e2-3128ea83bac8', 1, '2018-10-13 19:17:15', '2018-10-13 19:17:15'),
('afb0700c-b3f6-4778-95b2-dc6b4bd7afa0', '3727c908-c699-11e8-a393-14dda990f926', 'c67bc06e-1080-48cd-980a-a90f2def5bfc', 1, '2018-10-17 13:18:04', '2018-10-17 13:18:04'),
('b83c8204-447d-4755-a80e-3e94feace413', '3727c908-c699-11e8-a393-14dda990f926', 'a73be903-371b-4ef5-acad-64ea107efb8d', 1, '2018-10-13 19:26:13', '2018-10-13 19:26:13'),
('b914b1df-49c5-41c8-9270-ff7ac81cbdd8', '3727c908-c699-11e8-a393-14dda990f926', '9dee91c4-dc3b-4d32-9d8f-78afcb338f7e', 1, '2018-10-13 19:24:20', '2018-10-13 19:24:20'),
('bd0acb99-30c4-4d95-9c58-e1d8bf9ad497', '3727c908-c699-11e8-a393-14dda990f926', '12a8cc12-ee5f-4357-9bba-477cf2b46cab', 1, '2019-03-06 13:52:11', '2019-03-06 13:52:11'),
('bdedfaff-ea37-42be-a466-09af9f7a5340', '3727c908-c699-11e8-a393-14dda990f926', '72025860-c6cb-484e-b532-d769b43ad2df', 1, '2018-10-13 19:26:13', '2018-10-13 19:26:13'),
('be37f95a-5cb2-4ffe-991c-d13dcc647959', '3727c908-c699-11e8-a393-14dda990f926', '3f19a0d9-e6b6-4367-adec-e50bd2551ead', 1, '2018-10-13 19:22:58', '2018-10-13 19:22:58'),
('bf75acea-eee1-414a-9fcc-8f06562b1bc9', '3727c908-c699-11e8-a393-14dda990f926', '9175613d-7775-4baf-a383-4e431984a53f', 1, '2018-10-13 19:26:13', '2018-10-13 19:26:13'),
('c539e06d-75ed-44d3-b8b6-f30a706b2e0c', '3727c908-c699-11e8-a393-14dda990f926', 'c36a09f5-b228-423a-af3d-66836781902f', 1, '2018-10-13 19:24:20', '2018-10-13 19:24:20'),
('d552f631-79dc-4707-b99a-917cfad52b5f', '3727c908-c699-11e8-a393-14dda990f926', '006032a3-a70c-41a5-9d94-03f2acbdb517', 1, '2018-10-17 13:18:05', '2018-10-17 13:18:05'),
('d6f305bc-626a-4b3c-8045-7486b2fc673a', '3727c908-c699-11e8-a393-14dda990f926', '33c4f0c2-1c71-4c12-a082-98b7495a8d33', 1, '2018-10-16 11:30:13', '2018-10-16 11:30:13'),
('d979f8f3-ab25-471f-a89b-47f4c231d4cf', 'e5f337fc-a6be-49ca-8930-07a5e26c5f3f', '0d1a363b-b173-4cb4-a603-4443bf8490a9', 1, '2018-10-20 11:42:01', '2018-10-20 11:42:01'),
('dee9e2a7-03c3-4890-b278-6739ee2e818e', '3727c908-c699-11e8-a393-14dda990f926', '720864b3-0ce9-4ef7-b1a8-74f81abd32dc', 1, '2019-02-27 17:48:22', '2019-02-27 17:48:22'),
('e0c9b8bf-d91b-4075-8fa9-b9e0592cefac', '3727c908-c699-11e8-a393-14dda990f926', '51848824-2275-4eab-ba7a-68316755cbe0', 1, '2018-10-13 20:19:03', '2018-10-13 20:19:03'),
('e3e73c1f-aeff-4704-9576-e205c9d3bec9', '3727c908-c699-11e8-a393-14dda990f926', '16937d7e-28dd-4237-94e9-195a3f00c230', 1, '2019-02-27 16:46:25', '2019-02-27 16:46:25'),
('ec727716-caa2-4a05-966c-a359d4b04541', '3727c908-c699-11e8-a393-14dda990f926', 'b31efff8-ccff-4a9e-84dd-060821d6f390', 1, '2019-02-27 18:02:45', '2019-02-27 18:02:45'),
('edcb4746-57d7-4b56-a83a-5baa660d53e8', '3727c908-c699-11e8-a393-14dda990f926', '8ba745fd-30d1-4b6e-a87c-bf41f5f8c690', 1, '2018-10-17 17:22:46', '2018-10-17 17:22:46'),
('ef4611a6-4da2-49e7-8f26-b421622d4afb', 'e5f337fc-a6be-49ca-8930-07a5e26c5f3f', '8ba745fd-30d1-4b6e-a87c-bf41f5f8c690', 1, '2018-10-19 18:05:32', '2018-10-19 18:05:32'),
('f2b4cc41-05b3-4aed-a2cf-b51ceb0961c9', '3727c908-c699-11e8-a393-14dda990f926', '16aadea7-5fd6-41cb-a27f-32ebd5ce96f9', 1, '2018-10-13 19:22:57', '2018-10-13 19:22:57'),
('f3365816-3361-4b58-9950-e8b6ec6b3451', '3727c908-c699-11e8-a393-14dda990f926', '6af7d505-e3fd-4393-a923-dd40e1e5ce27', 1, '2018-10-13 15:32:22', '2018-10-13 15:32:22'),
('f69b7a3e-716a-4b60-b354-1d76b352c72f', '3727c908-c699-11e8-a393-14dda990f926', 'a4de4fe7-ebde-42b6-b353-6768121628ff', 1, '2018-10-13 19:25:11', '2018-10-13 19:25:11'),
('f784dea0-6bb4-476d-b054-62e2a8b6b33f', '3727c908-c699-11e8-a393-14dda990f926', 'f151040c-5e5b-4b83-9302-3113abdb960a', 1, '2018-10-16 19:20:24', '2018-10-16 19:20:24'),
('f7b38cab-ed0a-431e-8245-25dca1b55c7a', '3727c908-c699-11e8-a393-14dda990f926', '259a5528-fe91-413d-8785-a4aeb694d3f4', 1, '2018-10-13 19:25:11', '2018-10-13 19:25:11'),
('fb5f0532-f76a-4cc8-ba5d-b94596a889fc', '3727c908-c699-11e8-a393-14dda990f926', '0448db69-63db-45d9-9349-6dcf7677d4cf', 1, '2018-10-13 19:17:14', '2018-10-13 19:17:14'),
('fdd6fe9f-61bd-4947-bd04-95d3ecf284be', '3727c908-c699-11e8-a393-14dda990f926', 'd1c42402-6b4f-4d80-bd35-2dfab645a2d3', 1, '2018-10-13 15:32:22', '2018-10-13 15:32:22');

-- --------------------------------------------------------

--
-- Estructura de tabla para la tabla `cat_grupos_users`
--

CREATE TABLE `cat_grupos_users` (
  `id` char(36) COLLATE utf8_spanish_ci NOT NULL,
  `user_id` char(36) COLLATE utf8_spanish_ci NOT NULL,
  `cat_grupo_id` char(36) COLLATE utf8_spanish_ci NOT NULL,
  `activo` tinyint(1) NOT NULL DEFAULT '1',
  `created` datetime DEFAULT CURRENT_TIMESTAMP,
  `modified` datetime NOT NULL DEFAULT CURRENT_TIMESTAMP
) ENGINE=InnoDB DEFAULT CHARSET=utf8 COLLATE=utf8_spanish_ci;

-- --------------------------------------------------------

--
-- Estructura de tabla para la tabla `cat_menus`
--

CREATE TABLE `cat_menus` (
  `id` char(36) COLLATE utf8_spanish_ci NOT NULL,
  `padre_id` char(36) COLLATE utf8_spanish_ci NOT NULL,
  `icono` varchar(50) COLLATE utf8_spanish_ci NOT NULL,
  `icono_img` longtext COLLATE utf8_spanish_ci,
  `nombre` varchar(45) COLLATE utf8_spanish_ci NOT NULL,
  `posicion` tinyint(4) NOT NULL,
  `destino` varchar(80) COLLATE utf8_spanish_ci NOT NULL,
  `activo` tinyint(1) NOT NULL DEFAULT '1',
  `created` datetime NOT NULL DEFAULT CURRENT_TIMESTAMP,
  `modified` datetime NOT NULL DEFAULT CURRENT_TIMESTAMP
) ENGINE=InnoDB DEFAULT CHARSET=utf8 COLLATE=utf8_spanish_ci;

--
-- Volcado de datos para la tabla `cat_menus`
--

INSERT INTO `cat_menus` (`id`, `padre_id`, `icono`, `icono_img`, `nombre`, `posicion`, `destino`, `activo`, `created`, `modified`) VALUES
('45bf8e56-4989-4a35-8c2c-5d5719c539cc', '7192eb43-105a-4d20-8d37-95cfce278c08', 'fas fa-briefcase', '', 'Servicios', 5, '/CatServicios', 1, '2018-10-17 15:15:48', '2018-10-17 15:18:59'),
('490013a9-b9af-4d43-a148-78a35519358e', '7192eb43-105a-4d20-8d37-95cfce278c08', 'fas fa-lock', '', 'Permisos', 2, '/CatPermisos', 1, '2018-09-28 13:10:18', '2018-09-28 13:10:18'),
('50f34ab1-3b2d-4a10-b903-d78ca30aa7d5', '7192eb43-105a-4d20-8d37-95cfce278c08', 'icon-user', '', 'Usuarios', 1, '/Users', 1, '2018-09-28 13:18:15', '2018-10-14 13:11:15'),
('513cb74d-8b75-4489-a5cb-c5ffad94d52d', '8d5c4b40-fbac-4024-a920-a84aa6b97d51', 'fas fa-map', '', 'Municipios', 4, '/CatMunicipios', 1, '2018-09-28 13:19:08', '2018-10-14 13:32:55'),
('55179685-587b-4891-a419-6dca6162830b', '', 'icon-home', '', 'Inicio', 1, '/Inicio', 1, '2018-09-28 11:01:56', '2018-10-14 12:07:44'),
('614830be-11e7-4dcc-8de3-c89b7777e9ec', '7192eb43-105a-4d20-8d37-95cfce278c08', 'fas fa-layer-group', '', 'Grupos', 4, '/CatGrupos', 1, '2018-10-13 12:28:12', '2018-10-13 12:28:12'),
('6685a49b-963d-4bbb-a1b5-6cac0bba4657', '8d5c4b40-fbac-4024-a920-a84aa6b97d51', 'fas fa-address-book', '', 'Entidades', 1, '/CatEntidades', 1, '2018-09-28 13:23:06', '2018-10-14 13:32:43'),
('7192eb43-105a-4d20-8d37-95cfce278c08', '', 'fas fa-cogs', '', 'Administración', 3, 'javascript:void(0)', 1, '2018-09-28 12:53:17', '2018-10-14 13:11:01'),
('8d5c4b40-fbac-4024-a920-a84aa6b97d51', '', 'fas fa-clipboard-check', '', 'S.A.S.S', 2, 'javascript:void(0)', 1, '2018-09-28 13:26:50', '2018-10-14 13:10:47'),
('949fb051-6215-480b-a04e-fcac56b48d65', '8d5c4b40-fbac-4024-a920-a84aa6b97d51', 'fas fa-umbrella-beach', '', 'Playas', 5, '/CatPlayas', 1, '2018-09-28 13:17:34', '2018-10-14 13:33:04'),
('ac7a13a5-2a81-41c1-89d8-78953be77c2a', '8d5c4b40-fbac-4024-a920-a84aa6b97d51', 'fas fa-map-marked', '', 'Contenedores', 5, '/CatDepositos', 1, '2019-03-06 13:46:09', '2019-03-06 13:50:14'),
('bab47bac-76d8-46ee-8127-3fdb8d16293d', '8d5c4b40-fbac-4024-a920-a84aa6b97d51', 'fas fa-project-diagram', '', 'Programas', 2, '/Programas', 1, '2018-09-28 13:46:16', '2018-10-15 17:47:10'),
('c80e4e33-0bd4-4e0e-95c0-59e615408e94', '8d5c4b40-fbac-4024-a920-a84aa6b97d51', 'fas fa-boxes', '', 'Servicios', 3, '/CatServicios', 1, '2018-09-28 13:49:11', '2018-09-28 13:49:11'),
('e16213fd-a0ff-4e9c-bcfe-48883d504657', '7192eb43-105a-4d20-8d37-95cfce278c08', 'fas fa-list-ol', '', 'Tipo Seguimiento', 6, '/CatTipoSeguimiento', 1, '2018-10-17 16:36:11', '2018-10-17 16:36:26'),
('f5a1baae-8995-447c-b67b-b9007acea78f', '8d5c4b40-fbac-4024-a920-a84aa6b97d51', 'fas fa-clipboard-list', '', 'Avances', 2, '/ProyectosDetalles/avances', 1, '2018-10-13 14:31:02', '2018-10-18 19:03:34'),
('f7d544ce-ee49-4398-8288-2ad673b4883e', '7192eb43-105a-4d20-8d37-95cfce278c08', 'fas fa-grip-horizontal', '', 'Menus', 3, '/CatMenus', 1, '2018-09-28 13:04:07', '2018-09-28 13:38:30');

-- --------------------------------------------------------

--
-- Estructura de tabla para la tabla `cat_municipios`
--

CREATE TABLE `cat_municipios` (
  `id` char(36) COLLATE utf8_spanish_ci NOT NULL,
  `nombre` varchar(100) COLLATE utf8_spanish_ci NOT NULL,
  `abreviatura` varchar(50) COLLATE utf8_spanish_ci DEFAULT NULL,
  `activo` tinyint(1) NOT NULL DEFAULT '1',
  `created` datetime NOT NULL DEFAULT CURRENT_TIMESTAMP,
  `modified` datetime NOT NULL DEFAULT CURRENT_TIMESTAMP
) ENGINE=InnoDB DEFAULT CHARSET=utf8 COLLATE=utf8_spanish_ci;

--
-- Volcado de datos para la tabla `cat_municipios`
--

INSERT INTO `cat_municipios` (`id`, `nombre`, `abreviatura`, `activo`, `created`, `modified`) VALUES
('0446258e-53d2-4e08-b54c-8f80362b7bc0', 'José María Morelos', 'JMM', 1, '2018-10-04 11:38:01', '2018-10-04 11:38:01'),
('0b61c417-d39a-4ffa-942f-a38fbfdd6bf3', 'Othón Pompeyo Blanco', 'OPB', 1, '2018-10-04 10:52:09', '2018-10-04 10:52:09'),
('1adf5cdb-e7f7-4ce7-9a98-f3813ec30229', 'Benito Juárez', 'BJ', 1, '2018-10-04 11:33:04', '2018-10-04 11:33:04'),
('239b18fe-e19b-439a-b11d-37b8ea7f5938', 'Solidaridad', 'SOL', 1, '2018-10-04 11:37:44', '2018-10-04 11:39:35'),
('3d249f61-26a5-4ed1-8dc4-8e06bf6a4958', 'Isla Mujeres', 'IM', 1, '2018-11-08 15:56:34', '2019-02-13 11:48:36'),
('606eb68c-a39a-4593-ae81-3b33c84d2f07', 'Felipe Carrillo Puerto', 'FCP', 1, '2018-10-04 11:37:34', '2018-10-04 11:37:34'),
('7872b4a9-0c29-4f3c-93bc-276cbbec693a', 'Cozumel', 'CZM', 1, '2018-10-04 11:33:26', '2018-10-04 11:34:46'),
('9807bf12-e54a-407d-968d-194e6a735d49', 'Puerto Morelos', 'PM', 1, '2018-10-04 11:36:58', '2018-10-04 11:38:12'),
('a3732ea7-6fb0-4f9c-80bc-450b93471ec4', 'Lázaro Cárdenas', 'LC', 1, '2018-10-04 11:35:15', '2018-10-04 11:35:15'),
('bedf5503-8dea-4bd8-90e2-76aba3318ca4', 'Bacalar', 'BAC', 1, '2018-10-04 11:37:12', '2018-10-04 11:39:55'),
('de9f0ae6-0180-4283-9bf0-f5a4b0736001', 'Tulum', 'TUL', 1, '2018-10-04 11:36:04', '2018-10-04 11:39:46');

-- --------------------------------------------------------

--
-- Estructura de tabla para la tabla `cat_permisos`
--

CREATE TABLE `cat_permisos` (
  `id` char(36) COLLATE utf8_spanish_ci NOT NULL,
  `nombre` varchar(50) COLLATE utf8_spanish_ci NOT NULL,
  `descripcion` varchar(200) COLLATE utf8_spanish_ci NOT NULL,
  `controller` varchar(50) COLLATE utf8_spanish_ci NOT NULL,
  `action` varchar(50) COLLATE utf8_spanish_ci NOT NULL,
  `activo` tinyint(1) NOT NULL DEFAULT '1',
  `created` datetime NOT NULL DEFAULT CURRENT_TIMESTAMP,
  `modified` datetime NOT NULL DEFAULT CURRENT_TIMESTAMP
) ENGINE=InnoDB DEFAULT CHARSET=utf8 COLLATE=utf8_spanish_ci;

--
-- Volcado de datos para la tabla `cat_permisos`
--

INSERT INTO `cat_permisos` (`id`, `nombre`, `descripcion`, `controller`, `action`, `activo`, `created`, `modified`) VALUES
('006032a3-a70c-41a5-9d94-03f2acbdb517', 'ProyectosDetalles:finalizar', '', 'ProyectosDetalles', 'finalizar', 1, '2018-10-17 13:18:05', '2018-10-17 13:18:05'),
('0448db69-63db-45d9-9349-6dcf7677d4cf', 'CatPlayas:index', '', 'CatPlayas', 'index', 1, '2018-10-13 19:17:14', '2018-10-13 19:17:14'),
('0a80ff31-6e85-4ac9-9eb8-f91cd7263f4a', 'Proyectos:index', 'sdasd', 'Proyectos', 'index', 1, '2018-10-13 19:22:57', '2018-10-26 11:58:07'),
('0d1a363b-b173-4cb4-a603-4443bf8490a9', 'ProyectosDetallesSeguimiento:obtieneavances', '', 'ProyectosDetallesSeguimiento', 'obtieneavances', 1, '2018-10-20 11:42:01', '2018-10-20 11:42:01'),
('12a8cc12-ee5f-4357-9bba-477cf2b46cab', 'CatDepositos:*', '', 'CatDepositos', '*', 1, '2019-03-06 13:52:11', '2019-03-06 13:52:11'),
('12cc0bc8-c27e-4404-9363-c99373683b4b', 'VisorSeguimientos:getResources', '', 'VisorSeguimientos', 'getResources', 1, '2018-10-13 19:26:13', '2018-10-13 19:26:13'),
('13e2889d-db72-442b-8cb9-af4b953bc469', 'Programas:index', '', 'Programas', 'index', 1, '2018-10-16 11:30:13', '2018-10-16 11:30:13'),
('15c1b6fb-6e3b-4dae-8d27-67ea82c63629', 'Proyectos:agregar', '', 'Proyectos', 'agregar', 1, '2018-10-16 17:12:47', '2018-10-16 17:12:47'),
('16937d7e-28dd-4237-94e9-195a3f00c230', 'Programas:delete', '', 'Programas', 'delete', 1, '2019-02-27 16:46:25', '2019-02-27 16:46:25'),
('16aadea7-5fd6-41cb-a27f-32ebd5ce96f9', 'Proyectos:formato', '', 'Proyectos', 'formato', 1, '2018-10-13 19:22:57', '2018-10-13 19:22:57'),
('182b02a0-ae1b-41db-bbc1-d865dd39acdc', 'CatPlayas:add', '', 'CatPlayas', 'add', 1, '2018-10-13 19:17:15', '2018-10-13 19:17:15'),
('1d710cce-142a-4518-a778-9927a3e9d9da', 'Proyectos:addajax', '', 'Proyectos', 'addajax', 1, '2018-10-13 19:22:58', '2018-10-13 19:22:58'),
('259a5528-fe91-413d-8785-a4aeb694d3f4', 'ProyectosDetallesSeguimiento:obtieneseguimientos', 'sdasda', 'ProyectosDetallesSeguimiento', 'obtieneseguimientos', 1, '2018-10-13 19:25:11', '2018-10-19 19:05:41'),
('2c203bbc-c50b-4ec6-9510-0a2e4d038176', 'Inicio:empresa', '', 'Inicio', 'empresa', 1, '2018-10-18 13:25:55', '2018-10-18 13:25:55'),
('2e96488d-1697-4097-bc54-50db97c9385c', 'Proyectos:editar', '', 'Proyectos', 'editar', 1, '2018-10-16 19:07:16', '2018-10-16 19:07:16'),
('2fc85191-c562-4442-8cf0-5d38b923839f', 'SeguimientoFotos:*', '', 'SeguimientoFotos', '*', 1, '2019-03-09 12:37:50', '2019-03-09 12:37:50'),
('3130fd62-6a81-41fc-ba28-47f17ff37905', 'CatMunicipios:add', '', 'CatMunicipios', 'add', 1, '2018-10-13 19:16:34', '2018-10-13 19:16:34'),
('33c4f0c2-1c71-4c12-a082-98b7495a8d33', 'Programas:finalizar', '', 'Programas', 'finalizar', 1, '2018-10-16 11:30:13', '2018-10-16 11:30:13'),
('3ca26eca-ea45-4094-bcd6-481d29da2a7a', 'ProyectosDetalles:editar', '', 'ProyectosDetalles', 'editar', 1, '2018-10-17 13:18:04', '2018-10-17 13:18:04'),
('3e50f034-961c-4b2c-aaf9-4f58c2515e5a', 'Proyectos:wizard', '', 'Proyectos', 'wizard', 1, '2018-10-13 19:22:58', '2018-10-13 19:22:58'),
('3f19a0d9-e6b6-4367-adec-e50bd2551ead', 'Proyectos:obtieneproyectos', '', 'Proyectos', 'obtieneproyectos', 1, '2018-10-13 19:22:58', '2018-10-13 19:22:58'),
('42e734b0-e730-4612-af37-78877d5129cb', 'Proyectos:edit', 's', 'Proyectos', 'edit', 1, '2018-10-13 19:22:57', '2018-10-16 19:08:06'),
('42f38fb8-5ffd-42e0-be68-bddad4ee13ed', 'Users:add', '', 'Users', 'add', 1, '2018-10-13 20:18:32', '2018-10-13 20:18:32'),
('476a771c-1d34-4bdf-a4b8-74eff6966404', 'Proyectos:add', 's', 'Proyectos', 'add', 1, '2018-10-13 19:22:57', '2018-10-16 17:13:15'),
('4f00376d-7791-442d-90e9-dec1cacaef0e', 'ProyectosDetallesSeguimiento:visor', 'fhfgh', 'ProyectosDetallesSeguimiento', 'visor', 1, '2018-10-13 19:25:10', '2018-11-13 16:01:44'),
('51848824-2275-4eab-ba7a-68316755cbe0', 'Inicio:index', 's', 'Inicio', 'index', 1, '2018-10-13 20:19:03', '2018-10-13 20:19:53'),
('59c50f17-7d65-490c-acbc-15539bb51d7c', 'CatMunicipios:index', '', 'CatMunicipios', 'index', 1, '2018-10-13 19:16:33', '2018-10-13 19:16:33'),
('5cd3d854-0c84-4a2d-a07a-4a748315256d', 'ProyectosDetallesSeguimiento:edit', 'a', 'ProyectosDetallesSeguimiento', 'edit', 1, '2018-10-13 19:25:11', '2018-10-17 13:18:56'),
('5dbaa94e-e008-418c-9dd0-13d72efa5440', 'CatMunicipios:edit', '', 'CatMunicipios', 'edit', 1, '2018-10-13 19:16:34', '2018-10-13 19:16:34'),
('604159b6-bdbb-4a54-acc9-2e463e7dc290', 'ProyectosDetallesSeguimiento:seguimiento', '', 'ProyectosDetallesSeguimiento', 'seguimiento', 1, '2018-10-13 19:25:11', '2018-10-13 19:25:11'),
('6af7d505-e3fd-4393-a923-dd40e1e5ce27', 'CatEntidades:view', '', 'CatEntidades', 'view', 1, '2018-10-13 15:32:22', '2018-10-13 15:32:22'),
('6edf6030-9d5c-4eab-83ab-3822cf00a252', 'CatPlayas:edit', '', 'CatPlayas', 'edit', 1, '2018-10-13 19:17:15', '2018-10-13 19:17:15'),
('72025860-c6cb-484e-b532-d769b43ad2df', 'VisorSeguimientos:getEventos', '', 'VisorSeguimientos', 'getEventos', 1, '2018-10-13 19:26:13', '2018-10-13 19:26:13'),
('720864b3-0ce9-4ef7-b1a8-74f81abd32dc', 'ProyectosDetallesSeguimiento:delete', 'Eliminar', 'ProyectosDetallesSeguimiento', 'delete', 1, '2019-02-27 17:48:22', '2019-02-27 17:55:38'),
('7bb86d75-517f-4dc5-8a7a-9cc6c59ee192', 'ProyectosDetallesSeguimiento:add', 'as', 'ProyectosDetallesSeguimiento', 'add', 1, '2018-10-13 19:25:11', '2018-10-17 17:23:29'),
('7c42a613-5b61-464d-9c1f-20c5bea56469', 'ProyectosDetallesSeguimiento:cargarAnexosSeguimien', 'fdgdfgd', 'ProyectosDetallesSeguimiento', 'cargarAnexosSeguimientos', 1, '2018-10-13 19:25:11', '2018-10-19 18:39:09'),
('7ef644ba-b8ff-43b6-9019-9e8541856b59', 'Proyectos:view', '', 'Proyectos', 'view', 1, '2018-10-13 19:22:57', '2018-10-13 19:22:57'),
('8ba745fd-30d1-4b6e-a87c-bf41f5f8c690', 'ProyectosDetallesSeguimiento:editar', 'sda', 'ProyectosDetallesSeguimiento', 'editar', 1, '2018-10-17 17:22:46', '2018-10-19 18:05:32'),
('8caf2c98-5c3d-427c-b94e-3762015d6e9d', 'ProyectosDetallesSeguimiento:seguimientoAvances', '', 'ProyectosDetallesSeguimiento', 'seguimientoAvances', 1, '2018-10-19 12:30:54', '2018-10-19 12:30:54'),
('8d7c88ab-0d4e-48af-b3bc-d43693f7c4f9', 'Users:index', '', 'Users', 'index', 1, '2018-10-13 20:18:32', '2018-10-13 20:18:32'),
('907a2c4a-877f-4056-9e6c-359159d1440b', 'VisorSeguimientos:infoSeguimiento', 'kli', 'VisorSeguimientos', 'infoSeguimiento', 1, '2018-10-13 19:26:13', '2018-10-18 16:54:36'),
('9175613d-7775-4baf-a383-4e431984a53f', 'VisorSeguimientos:index', '', 'VisorSeguimientos', 'index', 1, '2018-10-13 19:26:13', '2018-10-13 19:26:13'),
('96e1e215-de34-4b46-8b54-7e7ef6e02315', 'ProyectosDetalles:view', '', 'ProyectosDetalles', 'view', 1, '2018-10-13 19:24:20', '2018-10-13 19:24:20'),
('97345ad3-f24b-4d1f-8295-bc48a5c00019', 'ProyectosDetalles:edit', '', 'ProyectosDetalles', 'edit', 1, '2018-10-13 19:24:20', '2018-10-13 19:24:20'),
('9dee91c4-dc3b-4d32-9d8f-78afcb338f7e', 'ProyectosDetalles:detalles', '', 'ProyectosDetalles', 'detalles', 1, '2018-10-13 19:24:20', '2018-10-13 19:24:20'),
('a18a655f-9ede-4849-bf08-3a2081d395bb', 'Inicio:sema', '', 'Inicio', 'sema', 1, '2018-10-18 13:26:33', '2018-10-18 13:26:33'),
('a4de4fe7-ebde-42b6-b353-6768121628ff', 'ProyectosDetallesSeguimiento:view', 'asda', 'ProyectosDetallesSeguimiento', 'view', 1, '2018-10-13 19:25:10', '2018-10-19 18:51:17'),
('a56f7f7f-f9f6-403a-85f2-deff7500f3a6', 'CatEntidades:edit', '', 'CatEntidades', 'edit', 1, '2018-10-13 15:32:22', '2018-10-13 15:32:22'),
('a73be903-371b-4ef5-acad-64ea107efb8d', 'VisorSeguimientos:verFases', '', 'VisorSeguimientos', 'verFases', 1, '2018-10-13 19:26:13', '2018-10-13 19:26:13'),
('a8524780-9b4f-468c-b13f-0d4953d11d09', 'Programas:edit', '', 'Programas', 'edit', 1, '2018-10-16 11:30:13', '2018-10-16 11:30:13'),
('b31efff8-ccff-4a9e-84dd-060821d6f390', 'ProyectosDetalles:delete', 'ProyectosDetalles:delete', 'ProyectosDetalles', 'delete', 1, '2019-02-27 18:02:45', '2019-02-27 19:01:16'),
('b7241682-aff6-471e-9e1e-631d3d601805', 'Proyectos:delete', 'Eliminar', 'Proyectos', 'delete', 1, '2019-02-27 19:09:49', '2019-02-27 19:09:49'),
('ba43f4a9-cc08-454b-a609-d0a98695a9ba', 'Programas:add', '', 'Programas', 'add', 1, '2018-10-16 11:30:13', '2018-10-16 11:30:13'),
('ba8b43dc-c76d-4713-85b0-f7238990f99c', 'ProyectosDetalles:index', 'asdasd', 'ProyectosDetalles', 'index', 1, '2018-10-13 19:24:19', '2018-10-29 13:03:32'),
('c36a09f5-b228-423a-af3d-66836781902f', 'ProyectosDetalles:add', '', 'ProyectosDetalles', 'add', 1, '2018-10-13 19:24:20', '2018-10-13 19:24:20'),
('c67bc06e-1080-48cd-980a-a90f2def5bfc', 'ProyectosDetalles:agregar', '', 'ProyectosDetalles', 'agregar', 1, '2018-10-17 13:18:04', '2018-10-17 13:18:04'),
('d1c42402-6b4f-4d80-bd35-2dfab645a2d3', 'CatEntidades:index', '', 'CatEntidades', 'index', 1, '2018-10-13 15:32:22', '2018-10-13 15:32:22'),
('e5e6fafb-40a5-436e-a744-4157cbfb7b13', 'Users:view', 's', 'Users', 'view', 1, '2018-10-13 20:18:32', '2018-10-14 13:45:40'),
('e8727aa8-53ee-4f49-ac0e-2a9631447ac8', 'ProyectosDetallesSeguimiento:agregar', 'dswfsdfs', 'ProyectosDetallesSeguimiento', 'agregar', 1, '2018-10-17 17:22:45', '2018-10-19 18:27:02'),
('e9129724-9535-4b5c-bc40-645e07f95241', 'ProyectosDetalles:avances', '', 'ProyectosDetalles', 'avances', 1, '2018-10-18 19:01:23', '2018-10-18 19:01:23'),
('ec19b420-df25-4b9f-aca4-12cf724cdd83', 'Users:edit', 's', 'Users', 'edit', 1, '2018-10-13 20:18:33', '2018-10-14 13:45:23'),
('eeccd925-3ebf-400f-aae4-20cb3db3a72f', 'CatMunicipios:view', '', 'CatMunicipios', 'view', 1, '2018-10-13 19:16:34', '2018-10-13 19:16:34'),
('f151040c-5e5b-4b83-9302-3113abdb960a', 'ProyectosDetalles:fases', '', 'ProyectosDetalles', 'fases', 1, '2018-10-16 19:20:24', '2018-10-16 19:20:24'),
('f221be57-be72-4f3f-9bc8-51536eebc589', 'VisorSeguimientos:infoEmpresa', '', 'VisorSeguimientos', 'infoEmpresa', 1, '2018-10-18 18:57:25', '2018-10-18 18:57:25'),
('f53a8010-6bd4-4c84-877f-f02c43308592', 'ProyectosDetalles:formato', '', 'ProyectosDetalles', 'formato', 1, '2018-10-13 19:24:20', '2018-10-13 19:24:20'),
('f5784fae-d0f7-416c-99a7-cc3d6bb2b202', 'ProyectosDetallesSeguimiento:index', 'asda', 'ProyectosDetallesSeguimiento', 'index', 1, '2018-10-13 19:25:10', '2018-10-29 13:01:56'),
('f98abdad-b0ce-42e0-96b4-14cb3541e3ae', 'CatEntidades:add', '', 'CatEntidades', 'add', 1, '2018-10-13 15:32:22', '2018-10-13 15:32:22'),
('fa7b6caa-5259-4bee-8d09-2f736b617a8d', 'Proyectos:proyecto', '', 'Proyectos', 'proyecto', 1, '2018-10-16 12:45:20', '2018-10-16 12:45:20'),
('fb383788-a2b4-46e1-b5e2-3128ea83bac8', 'CatPlayas:view', '', 'CatPlayas', 'view', 1, '2018-10-13 19:17:14', '2018-10-13 19:17:14');

-- --------------------------------------------------------

--
-- Estructura de tabla para la tabla `cat_playas`
--

CREATE TABLE `cat_playas` (
  `id` char(36) COLLATE utf8_spanish_ci NOT NULL,
  `municipio_id` varchar(36) COLLATE utf8_spanish_ci DEFAULT NULL,
  `nombre` varchar(100) COLLATE utf8_spanish_ci NOT NULL,
  `coordenadas` longtext COLLATE utf8_spanish_ci NOT NULL,
  `tamanio` decimal(10,0) NOT NULL COMMENT 'En kilometros',
  `activo` tinyint(1) NOT NULL DEFAULT '1',
  `created` datetime NOT NULL DEFAULT CURRENT_TIMESTAMP,
  `modified` datetime NOT NULL DEFAULT CURRENT_TIMESTAMP
) ENGINE=InnoDB DEFAULT CHARSET=utf8 COLLATE=utf8_spanish_ci;

--
-- Volcado de datos para la tabla `cat_playas`
--

INSERT INTO `cat_playas` (`id`, `municipio_id`, `nombre`, `coordenadas`, `tamanio`, `activo`, `created`, `modified`) VALUES
('08f632f4-7294-4e57-b0a5-a0779e1951eb', 'de9f0ae6-0180-4283-9bf0-f5a4b0736001', 'Playa Pescadores', '', '0', 1, '2018-10-10 15:29:08', '2019-02-26 18:45:02'),
('0bccb101-80bf-402f-9df9-7ac890e16d97', 'de9f0ae6-0180-4283-9bf0-f5a4b0736001', 'Playa Paraiso', '', '0', 1, '2018-10-10 15:28:16', '2018-10-10 15:28:16'),
('0f314c73-79eb-4642-b1b6-39454b8e1028', 'de9f0ae6-0180-4283-9bf0-f5a4b0736001', 'Playa Maya', '', '5000', 1, '2018-10-04 10:51:28', '2018-10-10 15:27:46'),
('2239b4c3-5750-4a64-932a-10a6ee39a3c8', '1adf5cdb-e7f7-4ce7-9a98-f3813ec30229', 'Playa Juventud', '', '0', 1, '2018-10-10 13:09:25', '2018-10-10 13:09:25'),
('24f54d3b-ded6-4f4d-9b5b-6a4440acb097', '1adf5cdb-e7f7-4ce7-9a98-f3813ec30229', 'Playa Las Perlas', '', '0', 1, '2018-10-10 13:08:55', '2018-10-10 13:08:55'),
('25f5a7a7-674c-4a27-84d0-5a913fb8f779', '9807bf12-e54a-407d-968d-194e6a735d49', 'Playa “Ojo de Agua”', '', '0', 1, '2018-10-10 13:41:42', '2018-10-10 13:41:42'),
('286b79b7-d01d-4239-a5a0-b6dcd672a68f', '0b61c417-d39a-4ffa-942f-a38fbfdd6bf3', 'Playa Naty', '', '200000', 1, '2018-10-04 11:49:39', '2018-10-04 11:49:39'),
('2e8a6bf2-8eab-48cd-b848-500ebe24608d', '1adf5cdb-e7f7-4ce7-9a98-f3813ec30229', 'Playa Langosta', '', '0', 1, '2018-10-10 13:10:28', '2018-10-10 13:10:28'),
('2f846129-b8ae-43fe-b8d9-db6bdb2af850', '7872b4a9-0c29-4f3c-93bc-276cbbec693a', 'Playa de San Martín', '', '0', 1, '2018-10-10 16:22:15', '2018-10-10 16:22:15'),
('31640ec5-8e40-469a-ad54-ce820039a04a', '1adf5cdb-e7f7-4ce7-9a98-f3813ec30229', 'Playa Marlin', '', '0', 1, '2018-10-10 13:30:03', '2018-10-10 13:30:03'),
('32c97417-8975-4ee1-9685-f6ef6434c604', '7872b4a9-0c29-4f3c-93bc-276cbbec693a', ' Playa Chen Río', '', '0', 1, '2018-10-10 16:16:37', '2018-10-10 16:16:37'),
('4f45c057-f7bd-47d6-b537-a2804ad65f05', '0b61c417-d39a-4ffa-942f-a38fbfdd6bf3', 'Mahahual', '', '0', 1, '2018-10-10 13:48:56', '2018-10-10 13:48:56'),
('4fcf7bcb-5579-4666-bdc3-d9881a0449f0', '1adf5cdb-e7f7-4ce7-9a98-f3813ec30229', 'Playa Isla Blanca', '', '0', 1, '2018-10-10 13:31:48', '2018-10-10 13:31:48'),
('51576964-4cca-450e-b512-fe30041df0fd', '9807bf12-e54a-407d-968d-194e6a735d49', 'Playa Azul', '', '0', 1, '2018-10-10 13:40:06', '2018-10-10 13:40:06'),
('686f2a45-55e8-4e68-b1f3-7aa868fbeb0b', '239b18fe-e19b-439a-b11d-37b8ea7f5938', 'Playa Kantenah', '', '0', 1, '2018-10-10 16:08:17', '2018-10-10 16:08:59'),
('6df207f8-ecbb-425e-8645-a639eaf667de', '9807bf12-e54a-407d-968d-194e6a735d49', 'Playa Petempich', '', '0', 1, '2018-10-10 13:38:35', '2018-10-10 13:38:35'),
('735d98d6-d93b-486c-a05f-729dbd972470', '7872b4a9-0c29-4f3c-93bc-276cbbec693a', 'Playa Corona', '', '0', 1, '2018-10-10 16:23:45', '2018-10-10 16:23:45'),
('7a60df23-7911-447c-9abf-14243aa932c1', 'de9f0ae6-0180-4283-9bf0-f5a4b0736001', 'Playa Akumal', '(20.3950475040384,-87.3149834653118)', '0', 1, '2019-02-26 17:02:14', '2019-02-26 17:02:14'),
('8a2565d2-03f7-4225-96c4-a63c66270a66', '9807bf12-e54a-407d-968d-194e6a735d49', 'Playa “Punta Brava”', '', '0', 1, '2018-10-10 13:42:16', '2018-10-10 13:42:16'),
('8ee12d56-8d75-4e4d-b12c-ca0bf5c5e970', '7872b4a9-0c29-4f3c-93bc-276cbbec693a', 'Playa El Cielo', '', '0', 1, '2018-10-10 16:16:14', '2018-10-10 16:16:14'),
('98af4f75-9202-4977-bf59-14e84386f144', '1adf5cdb-e7f7-4ce7-9a98-f3813ec30229', 'Playa Linda', '', '0', 1, '2018-10-10 13:09:57', '2018-10-10 13:09:57'),
('9ea49aec-1e0b-43c0-981d-393a5970251b', '9807bf12-e54a-407d-968d-194e6a735d49', 'Playa “La Bonita”', '', '0', 1, '2018-10-10 13:40:57', '2018-10-10 13:40:57'),
('9ef65f11-edf9-45f5-acec-2535626a7d10', '0b61c417-d39a-4ffa-942f-a38fbfdd6bf3', 'Playa Uvero', '', '1254564', 1, '2018-10-04 12:00:19', '2018-10-04 12:00:19'),
('b30be3e5-5f17-4fd4-8bcc-a244415e4726', '0b61c417-d39a-4ffa-942f-a38fbfdd6bf3', 'Playa Sonrisa', '', '542120', 1, '2018-10-04 11:50:40', '2018-10-04 11:50:40'),
('b3b97a9a-8084-477b-b842-d876f27c8bf8', '1adf5cdb-e7f7-4ce7-9a98-f3813ec30229', 'Playa Chac Mol', '', '0', 1, '2018-10-10 13:13:28', '2018-10-10 13:13:28'),
('b48e2547-2c1a-4b24-aa9f-4d5b82672641', '239b18fe-e19b-439a-b11d-37b8ea7f5938', 'Playa Xcacel Xcacelito', '', '0', 1, '2018-10-10 16:08:39', '2018-10-10 16:08:39'),
('b61d3871-1bb7-4e1c-9481-c0fdbae4c829', '1adf5cdb-e7f7-4ce7-9a98-f3813ec30229', 'Playa Tortugas', '', '0', 1, '2018-10-10 13:10:48', '2018-10-10 13:10:48'),
('b93a8e8d-e181-4519-8008-067c66458b2a', '239b18fe-e19b-439a-b11d-37b8ea7f5938', 'Playa mamitas', '', '0', 1, '2018-10-10 15:33:30', '2018-10-10 15:33:30'),
('bee72ee1-4435-44f1-ba23-61705de9f65b', 'de9f0ae6-0180-4283-9bf0-f5a4b0736001', 'Playa Santana', '', '20', 1, '2018-11-08 13:48:01', '2018-11-08 13:48:15'),
('c8a1b66e-8ec8-4738-ad05-49c2617b9ba6', 'de9f0ae6-0180-4283-9bf0-f5a4b0736001', 'Tulum Beach', '', '0', 1, '2018-10-10 15:28:40', '2018-10-10 15:28:40'),
('c8c8ef58-2b99-4756-bee1-0e9453c19df6', '1adf5cdb-e7f7-4ce7-9a98-f3813ec30229', 'Playa Caracol /Las Palmas', '', '0', 1, '2018-10-10 13:12:55', '2018-10-10 13:12:55'),
('daf263ba-a89c-4cab-ba1b-924984dd17be', '1adf5cdb-e7f7-4ce7-9a98-f3813ec30229', 'Playa Delfines o “El Mirador”', '', '0', 1, '2018-10-10 13:30:46', '2018-10-10 13:30:46'),
('dd530dcf-14f0-4fd1-9ede-01d3c60858fa', '239b18fe-e19b-439a-b11d-37b8ea7f5938', 'Playa de prueba', '(20.6310927604266,-87.06395273938062)', '0', 1, '2019-02-26 17:40:51', '2019-02-26 18:50:03'),
('ddab18d4-5bce-4308-a72b-63dca42d6936', '1adf5cdb-e7f7-4ce7-9a98-f3813ec30229', 'Playa Ballenas', '', '0', 1, '2018-10-10 13:30:24', '2018-10-10 13:30:24'),
('e2e347c3-e40f-4c7c-9dd2-9fe22882562a', '239b18fe-e19b-439a-b11d-37b8ea7f5938', 'Playa Maroma', '', '0', 1, '2018-10-10 16:07:41', '2018-10-10 16:07:41'),
('f160e59e-fa04-49ae-ae7d-d81b2cf50d8e', '9807bf12-e54a-407d-968d-194e6a735d49', 'Punta Caracol', '', '0', 1, '2018-10-10 13:40:33', '2018-10-10 13:40:33'),
('fac765a6-3938-4a16-8f1d-bd9abdc350c6', '1adf5cdb-e7f7-4ce7-9a98-f3813ec30229', 'Playa Punta Nizuc, el Mirador II o Playa para mascotas', '', '0', 1, '2018-10-10 13:31:10', '2018-10-10 13:31:10'),
('fb220cb9-58c9-4b24-a96f-266d49d7b06e', '1adf5cdb-e7f7-4ce7-9a98-f3813ec30229', 'Playa del Niño', '', '0', 1, '2018-10-10 13:31:30', '2018-10-10 13:31:30');

-- --------------------------------------------------------

--
-- Estructura de tabla para la tabla `cat_playas_cat_municipios`
--

CREATE TABLE `cat_playas_cat_municipios` (
  `id` char(36) COLLATE utf8_spanish_ci NOT NULL,
  `cat_playa_id` char(36) COLLATE utf8_spanish_ci NOT NULL,
  `cat_municipio_id` char(36) COLLATE utf8_spanish_ci NOT NULL,
  `activo` tinyint(1) NOT NULL DEFAULT '1',
  `created` datetime NOT NULL DEFAULT CURRENT_TIMESTAMP,
  `modified` datetime NOT NULL DEFAULT CURRENT_TIMESTAMP
) ENGINE=InnoDB DEFAULT CHARSET=utf8 COLLATE=utf8_spanish_ci;

-- --------------------------------------------------------

--
-- Estructura de tabla para la tabla `cat_servicios`
--

CREATE TABLE `cat_servicios` (
  `id` char(36) COLLATE utf8_spanish_ci NOT NULL,
  `nombre` varchar(100) COLLATE utf8_spanish_ci NOT NULL,
  `activo` tinyint(1) NOT NULL DEFAULT '1',
  `created` datetime DEFAULT CURRENT_TIMESTAMP,
  `modified` datetime NOT NULL DEFAULT CURRENT_TIMESTAMP
) ENGINE=InnoDB DEFAULT CHARSET=utf8 COLLATE=utf8_spanish_ci;

--
-- Volcado de datos para la tabla `cat_servicios`
--

INSERT INTO `cat_servicios` (`id`, `nombre`, `activo`, `created`, `modified`) VALUES
('7221f1c2-e5e7-4be1-83a0-103cdeede495', 'Barreras de contención de Sargazo', 1, '2018-10-02 17:12:50', '2018-10-02 17:12:50'),
('9bb0c0b6-a691-4911-a3eb-6916a5a2e62c', 'Estudio del Área', 1, '2018-10-17 15:19:42', '2018-10-17 15:19:42'),
('bdb9970c-9f88-4f44-8fe3-4d91914cca1a', 'Limpieza de Sargazo en el mar', 1, '2018-10-02 17:14:16', '2018-10-02 17:14:16'),
('e358cf0a-1016-43fb-8e0b-b2e5e0f3a982', 'Limpieza de Playa Costera', 1, '2018-10-02 17:12:26', '2018-10-02 17:12:26');

-- --------------------------------------------------------

--
-- Estructura de tabla para la tabla `cat_tipo_contratos`
--

CREATE TABLE `cat_tipo_contratos` (
  `id` char(36) CHARACTER SET utf8 COLLATE utf8_spanish_ci NOT NULL,
  `nombre` varchar(200) CHARACTER SET utf8 COLLATE utf8_spanish_ci NOT NULL,
  `activo` tinyint(1) DEFAULT '1',
  `created` datetime DEFAULT CURRENT_TIMESTAMP,
  `modified` datetime DEFAULT CURRENT_TIMESTAMP
) ENGINE=InnoDB DEFAULT CHARSET=latin1;

-- --------------------------------------------------------

--
-- Estructura de tabla para la tabla `cat_tipo_seguimiento`
--

CREATE TABLE `cat_tipo_seguimiento` (
  `id` char(36) COLLATE utf8_spanish_ci NOT NULL,
  `nombre` varchar(200) COLLATE utf8_spanish_ci NOT NULL,
  `activo` tinyint(1) NOT NULL DEFAULT '1',
  `created` datetime NOT NULL DEFAULT CURRENT_TIMESTAMP,
  `modified` datetime NOT NULL DEFAULT CURRENT_TIMESTAMP
) ENGINE=InnoDB DEFAULT CHARSET=utf8 COLLATE=utf8_spanish_ci;

--
-- Volcado de datos para la tabla `cat_tipo_seguimiento`
--

INSERT INTO `cat_tipo_seguimiento` (`id`, `nombre`, `activo`, `created`, `modified`) VALUES
('1c530bf8-9eaf-471b-8fdf-9e3212ff4467', 'Seguimiento-Entidad', 1, '2018-10-17 16:42:03', '2018-10-17 16:42:03'),
('a70ffd8b-0ae3-41ce-b6f0-9dfc2ce7fae3', 'Planeación-Sema', 1, '2018-10-17 16:38:44', '2018-10-17 16:38:44');

-- --------------------------------------------------------

--
-- Estructura de tabla para la tabla `programas`
--

CREATE TABLE `programas` (
  `id` char(36) COLLATE utf8_spanish_ci NOT NULL,
  `nombre` varchar(200) COLLATE utf8_spanish_ci NOT NULL,
  `descripcion` varchar(300) COLLATE utf8_spanish_ci NOT NULL,
  `presupuesto` decimal(10,0) NOT NULL,
  `activo` tinyint(1) NOT NULL DEFAULT '1',
  `created` datetime NOT NULL DEFAULT CURRENT_TIMESTAMP,
  `modified` datetime NOT NULL DEFAULT CURRENT_TIMESTAMP
) ENGINE=InnoDB DEFAULT CHARSET=utf8 COLLATE=utf8_spanish_ci;

--
-- Volcado de datos para la tabla `programas`
--

INSERT INTO `programas` (`id`, `nombre`, `descripcion`, `presupuesto`, `activo`, `created`, `modified`) VALUES
('ff00ffe8-f341-4e51-8331-0dadffdd4dbd', 'Programa de sargazo 2019', 'Programa pensado para contener el sargazo', '5000000', 1, '2019-02-28 11:50:34', '2019-02-28 14:01:28');

-- --------------------------------------------------------

--
-- Estructura de tabla para la tabla `proyectos`
--

CREATE TABLE `proyectos` (
  `id` char(36) COLLATE utf8_spanish_ci NOT NULL,
  `cat_entidad_id` char(36) COLLATE utf8_spanish_ci DEFAULT NULL,
  `cat_programa_id` varchar(36) COLLATE utf8_spanish_ci DEFAULT NULL,
  `nombre` varchar(100) COLLATE utf8_spanish_ci NOT NULL,
  `descripcion` text COLLATE utf8_spanish_ci NOT NULL,
  `fecha_inicio` date NOT NULL,
  `fecha_fin` date NOT NULL,
  `contrato` varchar(50) COLLATE utf8_spanish_ci DEFAULT NULL,
  `archivo_contrato` longtext COLLATE utf8_spanish_ci,
  `cat_tipo_contrato_id` varchar(36) COLLATE utf8_spanish_ci DEFAULT NULL,
  `tipo_archivo` varchar(50) COLLATE utf8_spanish_ci DEFAULT NULL,
  `inversion` decimal(10,0) DEFAULT NULL,
  `adelanto` decimal(10,0) DEFAULT NULL COMMENT 'Adelanto de dinero',
  `activo` tinyint(1) NOT NULL DEFAULT '1',
  `created` datetime NOT NULL DEFAULT CURRENT_TIMESTAMP,
  `modified` datetime NOT NULL DEFAULT CURRENT_TIMESTAMP
) ENGINE=InnoDB DEFAULT CHARSET=utf8 COLLATE=utf8_spanish_ci;

--
-- Volcado de datos para la tabla `proyectos`
--

INSERT INTO `proyectos` (`id`, `cat_entidad_id`, `cat_programa_id`, `nombre`, `descripcion`, `fecha_inicio`, `fecha_fin`, `contrato`, `archivo_contrato`, `cat_tipo_contrato_id`, `tipo_archivo`, `inversion`, `adelanto`, `activo`, `created`, `modified`) VALUES
('4fbb419a-fe10-4023-a47c-4d353ec3ce83', NULL, 'ff00ffe8-f341-4e51-8331-0dadffdd4dbd', 'Limpieza de playas en la zona norte', 'Limpieza de playas en los municipios de Solidaridad y Benito Juarez', '2019-03-01', '2019-07-31', NULL, NULL, NULL, NULL, '2000000', '20', 1, '2019-02-28 13:46:35', '2019-02-28 13:55:32');

-- --------------------------------------------------------

--
-- Estructura de tabla para la tabla `proyectos_detalles`
--

CREATE TABLE `proyectos_detalles` (
  `id` char(36) COLLATE utf8_spanish_ci NOT NULL,
  `proyecto_id` char(36) COLLATE utf8_spanish_ci NOT NULL,
  `cat_entidade_id` varchar(36) COLLATE utf8_spanish_ci DEFAULT NULL,
  `cat_servicio_id` char(36) COLLATE utf8_spanish_ci NOT NULL,
  `nombre` varchar(200) COLLATE utf8_spanish_ci NOT NULL,
  `descripcion` text COLLATE utf8_spanish_ci NOT NULL,
  `fecha_inicio_estimado` date NOT NULL,
  `fecha_fin_estimado` date NOT NULL,
  `fecha_inicio_oficial` date DEFAULT NULL,
  `fecha_fin_oficial` date DEFAULT NULL,
  `estimacion_inversion` decimal(10,0) DEFAULT NULL,
  `distancia_barrera_mar` decimal(10,0) DEFAULT NULL,
  `coordenadas_barrera` longtext COLLATE utf8_spanish_ci,
  `km_barrera` decimal(10,0) DEFAULT NULL,
  `cantidad_sargazo` decimal(10,0) DEFAULT NULL,
  `cantidad_personas` decimal(10,0) DEFAULT NULL,
  `ocupa_sargacera` tinyint(1) DEFAULT NULL,
  `sargaceras` decimal(10,0) DEFAULT NULL,
  `activo` tinyint(1) DEFAULT NULL,
  `created` datetime DEFAULT CURRENT_TIMESTAMP,
  `modified` datetime DEFAULT CURRENT_TIMESTAMP
) ENGINE=InnoDB DEFAULT CHARSET=utf8 COLLATE=utf8_spanish_ci;

--
-- Volcado de datos para la tabla `proyectos_detalles`
--

INSERT INTO `proyectos_detalles` (`id`, `proyecto_id`, `cat_entidade_id`, `cat_servicio_id`, `nombre`, `descripcion`, `fecha_inicio_estimado`, `fecha_fin_estimado`, `fecha_inicio_oficial`, `fecha_fin_oficial`, `estimacion_inversion`, `distancia_barrera_mar`, `coordenadas_barrera`, `km_barrera`, `cantidad_sargazo`, `cantidad_personas`, `ocupa_sargacera`, `sargaceras`, `activo`, `created`, `modified`) VALUES
('acec66f3-1d1e-4014-b628-69aa1d98c869', '4fbb419a-fe10-4023-a47c-4d353ec3ce83', '4a76c7cc-2dab-41fb-95c0-fb40bdb4bcd1', '7221f1c2-e5e7-4be1-83a0-103cdeede495', 'Instalación de barreras en la zona hotelera.', 'Instalación de barreras en la zona hotelera.', '2019-04-01', '2019-04-15', '2019-04-01', '2019-04-15', '800000', '3', '(21.13791011282435,-86.69982735888419),(21.05142489030818,-86.711500332517)', '9', NULL, NULL, 0, NULL, 1, '2019-03-05 16:24:31', '2019-03-05 16:24:31'),
('ce9993ff-3c20-4b40-be71-7c7b92eb5fdb', '4fbb419a-fe10-4023-a47c-4d353ec3ce83', '4a76c7cc-2dab-41fb-95c0-fb40bdb4bcd1', 'e358cf0a-1016-43fb-8e0b-b2e5e0f3a982', 'Limpieza de playas.', 'Limpieza de playas Cancún.', '2019-04-01', '2019-04-15', '2019-04-15', '2019-04-30', '700000', NULL, '', NULL, '30', '10', 0, NULL, 1, '2019-03-05 16:49:14', '2019-03-05 16:49:14');

-- --------------------------------------------------------

--
-- Estructura de tabla para la tabla `proyectos_detalles_seguimiento`
--

CREATE TABLE `proyectos_detalles_seguimiento` (
  `id` char(36) COLLATE utf8_spanish_ci NOT NULL,
  `proyecto_detalles_id` char(36) COLLATE utf8_spanish_ci NOT NULL,
  `id_playa` varchar(36) COLLATE utf8_spanish_ci DEFAULT NULL COMMENT 'lugar especifico de los trabajos',
  `cat_deposito_id` char(36) COLLATE utf8_spanish_ci DEFAULT NULL COMMENT 'Lugares donde seran depositados los residuos de sargazo',
  `id_tipo_seguimiento` varchar(36) COLLATE utf8_spanish_ci DEFAULT NULL COMMENT 'id para el catalogo de tipo (seguimiento,analisis,)',
  `nombre_coordinador` varchar(300) COLLATE utf8_spanish_ci DEFAULT NULL,
  `barrera_instalada` decimal(10,0) DEFAULT NULL COMMENT 'En kilometros',
  `coord_inicio_x` varchar(50) COLLATE utf8_spanish_ci DEFAULT NULL COMMENT 'Coordenadas del punto de inicio de la actividad X',
  `coord_inicio_y` varchar(50) COLLATE utf8_spanish_ci DEFAULT NULL COMMENT 'Coordenadas del punto de inicio de la actividad Y',
  `coord_fin_x` varchar(50) COLLATE utf8_spanish_ci DEFAULT NULL COMMENT 'Coordenadas del punto final de la actividad X',
  `coord_fin_y` varchar(50) COLLATE utf8_spanish_ci DEFAULT NULL COMMENT 'Coordenadas del punto final de la actividad Y',
  `coord_deposito_sargazo` text COLLATE utf8_spanish_ci COMMENT 'Coordenadas del seguimiento',
  `cantidad_sargazo` int(11) DEFAULT NULL COMMENT 'Metros cubicos',
  `ml_zona_costera` decimal(10,0) DEFAULT NULL COMMENT 'ml de zona costera',
  `m3_residuo_agua` decimal(10,0) DEFAULT NULL COMMENT 'metros cúbicos de residuo extraidos del agua',
  `m3_residuo_linea_costera` decimal(10,0) DEFAULT NULL COMMENT 'metros cúbicos de residuo extraidos de linea de costa',
  `fecha` date DEFAULT NULL,
  `hr_inicio_actividad` varchar(50) COLLATE utf8_spanish_ci DEFAULT NULL COMMENT 'hora de trabajo',
  `hr_fin_actividad` varchar(50) COLLATE utf8_spanish_ci DEFAULT NULL COMMENT 'hora de trabajo',
  `observaciones` text COLLATE utf8_spanish_ci,
  `viajes_residuos` int(11) DEFAULT NULL COMMENT 'número de viajes extraidos de residuo',
  `num_empleados` int(11) DEFAULT NULL COMMENT 'número de empleados que operaron en la jornada',
  `activo` tinyint(1) NOT NULL DEFAULT '1',
  `created` datetime NOT NULL DEFAULT CURRENT_TIMESTAMP,
  `modified` datetime NOT NULL DEFAULT CURRENT_TIMESTAMP
) ENGINE=InnoDB DEFAULT CHARSET=utf8 COLLATE=utf8_spanish_ci;

--
-- Volcado de datos para la tabla `proyectos_detalles_seguimiento`
--

INSERT INTO `proyectos_detalles_seguimiento` (`id`, `proyecto_detalles_id`, `id_playa`, `cat_deposito_id`, `id_tipo_seguimiento`, `nombre_coordinador`, `barrera_instalada`, `coord_inicio_x`, `coord_inicio_y`, `coord_fin_x`, `coord_fin_y`, `coord_deposito_sargazo`, `cantidad_sargazo`, `ml_zona_costera`, `m3_residuo_agua`, `m3_residuo_linea_costera`, `fecha`, `hr_inicio_actividad`, `hr_fin_actividad`, `observaciones`, `viajes_residuos`, `num_empleados`, `activo`, `created`, `modified`) VALUES
('1', 'acec66f3-1d1e-4014-b628-69aa1d98c869', '08f632f4-7294-4e57-b0a5-a0779e1951eb', '4401684b-e55b-4ad9-aaf8-0a88002b849d', '1c530bf8-9eaf-471b-8fdf-9e3212ff4467', 'Sidney Vivanco', '4', '21.134947', '-86.675794', '21.102920', '-86.678541', '', NULL, NULL, NULL, NULL, '2019-04-11', '11:00', '18:00', 'sin observaciones', NULL, 35, 1, '2019-03-27 11:57:58', '2019-03-27 11:57:58'),
('2', 'ce9993ff-3c20-4b40-be71-7c7b92eb5fdb', '08f632f4-7294-4e57-b0a5-a0779e1951eb', '4401684b-e55b-4ad9-aaf8-0a88002b849d', '1c530bf8-9eaf-471b-8fdf-9e3212ff4467', 'Carlos Romero', '4', '21.134947', '-86.675794', '21.102920', '-86.678541', '21.102920,-86.678541', 30, '0', '0', '0', '2019-04-22', '11:00', '17:10', 'sin observaciones', 2, 35, 1, '2019-03-27 12:08:44', '2019-03-27 12:08:44'),
('3', 'ce9993ff-3c20-4b40-be71-7c7b92eb5fdb', '08f632f4-7294-4e57-b0a5-a0779e1951eb', '4401684b-e55b-4ad9-aaf8-0a88002b849d', '1c530bf8-9eaf-471b-8fdf-9e3212ff4467', 'Armando Rueda', '4', '21.134947', '-86.675794', '21.102920', '-86.678541', '21.102920,-86.678541', 95, '0', '0', '0', '2019-04-27', '11:00', '14:00', 'Sin observaciones hasta el momento.', 2, 35, 1, '2019-04-10 16:26:36', '2019-04-09 16:26:36');

-- --------------------------------------------------------

--
-- Estructura de tabla para la tabla `seguimiento_fotos`
--

CREATE TABLE `seguimiento_fotos` (
  `id` char(36) COLLATE utf8_spanish_ci NOT NULL,
  `proyectos_detalles_seguimiento_id` varchar(36) COLLATE utf8_spanish_ci DEFAULT NULL,
  `proyectos_detalles_id` varchar(36) COLLATE utf8_spanish_ci DEFAULT NULL,
  `nombre` varchar(100) COLLATE utf8_spanish_ci DEFAULT NULL,
  `tipo` varchar(30) COLLATE utf8_spanish_ci DEFAULT NULL,
  `tamanio` varchar(10) COLLATE utf8_spanish_ci DEFAULT NULL,
  `foto` longtext COLLATE utf8_spanish_ci NOT NULL,
  `descripcion` text COLLATE utf8_spanish_ci,
  `activo` tinyint(1) DEFAULT '1',
  `created` datetime DEFAULT NULL,
  `modified` datetime DEFAULT NULL
) ENGINE=InnoDB DEFAULT CHARSET=utf8 COLLATE=utf8_spanish_ci;

-- --------------------------------------------------------

--
-- Estructura de tabla para la tabla `users`
--

CREATE TABLE `users` (
  `id` char(36) COLLATE utf8_spanish_ci NOT NULL,
  `cat_grupo_id` varchar(36) COLLATE utf8_spanish_ci NOT NULL,
  `cat_entidad_id` varchar(36) COLLATE utf8_spanish_ci DEFAULT NULL,
  `id_usuario_creador` varchar(36) COLLATE utf8_spanish_ci DEFAULT NULL COMMENT 'id del usuario que lo dio de alta',
  `nombres` varchar(100) COLLATE utf8_spanish_ci NOT NULL,
  `apellidos` varchar(100) COLLATE utf8_spanish_ci NOT NULL,
  `email` varchar(100) COLLATE utf8_spanish_ci NOT NULL,
  `username` varchar(50) COLLATE utf8_spanish_ci NOT NULL,
  `password` varchar(256) COLLATE utf8_spanish_ci NOT NULL,
  `direccion` varchar(100) COLLATE utf8_spanish_ci DEFAULT NULL,
  `contacto` varchar(20) COLLATE utf8_spanish_ci DEFAULT NULL,
  `ultimo_acceso` datetime DEFAULT NULL,
  `activo` tinyint(1) NOT NULL DEFAULT '1',
  `created` datetime NOT NULL DEFAULT CURRENT_TIMESTAMP,
  `modified` datetime NOT NULL DEFAULT CURRENT_TIMESTAMP
) ENGINE=InnoDB DEFAULT CHARSET=utf8 COLLATE=utf8_spanish_ci;

--
-- Volcado de datos para la tabla `users`
--

INSERT INTO `users` (`id`, `cat_grupo_id`, `cat_entidad_id`, `id_usuario_creador`, `nombres`, `apellidos`, `email`, `username`, `password`, `direccion`, `contacto`, `ultimo_acceso`, `activo`, `created`, `modified`) VALUES
('026937ec-7caa-4225-b0a7-870024a88a8b', '3727c908-c699-11e8-a393-14dda990f926', NULL, NULL, 'Armando Narciz', 'Rueda', 'armandonarcizoruedaperez@gmail.com', '10213449073571350', '$2a$08$9v8QAI4aAQwdfPaSdUn4MO8UH2xNeowyoWM5707yj/nflN5yVGvbq', NULL, NULL, '2019-03-29 18:33:11', 1, '2019-03-29 18:33:11', '2019-03-29 18:33:11'),
('5bedc541-fd01-4e1c-b666-be30d66dcf1b', 'e5f337fc-a6be-49ca-8930-07a5e26c5f3f', '7df86d7e-7f0f-4cef-af2a-b28e9c9ece31', 'ba63b074-63fa-4ae0-9b70-bbbf7ab2a06b', 'empresa', 'creadaPorsema', 'usuarioempresa2@gmail.com', 'empresa1', '$2y$10$FrF1zvvmHzsRm7u3Ecx8d.BKKCfqIbOfue.DWD4UvhpMDXZuqGmPG', NULL, NULL, '2019-02-19 10:03:27', 1, '2018-10-14 14:57:54', '2019-02-19 10:03:27'),
('8e3aa6ac-f6c6-4d6c-968f-b8b3173836e8', 'e5f337fc-a6be-49ca-8930-07a5e26c5f3f', '7df86d7e-7f0f-4cef-af2a-b28e9c9ece31', NULL, 'Usuario Empresa', 'Prueba', 'usuarioempresa@gmail.com', 'empresa', '$2y$10$7KreBvLnBF2k2/VX/7uD1uvB7gmj8OBK9lVcTaGFmvDJO3ZskOsuO', NULL, NULL, '2019-02-27 12:39:00', 1, '2018-10-14 01:02:22', '2019-02-27 12:39:00'),
('aa6ed862-1c17-46d7-8f9c-12a5b2539876', 'e5f337fc-a6be-49ca-8930-07a5e26c5f3f', NULL, NULL, 'Armando Narciz', 'Rueda Email', 'armandonarcizoruedaperez@gmail.com', 'Armando', '$2a$08$szMKvyOgvBZOb/QLm60X9ueLQLOOz1QmqNIksriSUtrb4Q31g6Mju', NULL, NULL, '2019-03-22 11:28:57', 1, '2019-03-22 11:28:57', '2019-03-22 11:28:57'),
('ba63b074-63fa-4ae0-9b70-bbbf7ab2a06b', '3727c908-c699-11e8-a393-14dda990f926', NULL, NULL, 'Usuario Sema', 'Prueba', 'correosema@gmail.com', 'sema', '$2y$10$avudbMaVeJ3vusKHZzFHX.eOMjj68Mz6jGYaZxTCD0iU.mrIo4zNO', NULL, NULL, '2019-03-13 15:31:42', 1, '2018-10-14 01:01:32', '2019-03-13 15:31:42'),
('d29ea650-3212-4ead-a156-bfc081c1f7e9', 'e5f337fc-a6be-49ca-8930-07a5e26c5f3f', '4a76c7cc-2dab-41fb-95c0-fb40bdb4bcd1', 'ba63b074-63fa-4ae0-9b70-bbbf7ab2a06b', 'Roberto', 'Trejo', 'limpieza_costera@hotmail.com', 'empresa2', '$2y$10$k2DSLtRt5P6JCP04K48YCuj3y3.fKhczZdfPS1AlaO/xQJtBwXUy.', NULL, NULL, '2019-03-13 15:30:12', 1, '2019-02-13 12:14:34', '2019-03-13 15:30:13'),
('ee2f8e25-f76d-446a-9922-144f0f7011b5', '521c02c9-b838-43dc-be3d-219f07202c6d', NULL, NULL, 'Carlos', 'Peña', 'cpena@gmail.com', 'cpena', '$2y$10$ia9ygNhvBqLjtCExBhOwx.bEMtqgZOJghnNNwyG7BXNRSeSTXt0CW', NULL, NULL, '2019-03-09 12:35:54', 1, '2018-09-27 20:18:45', '2019-03-09 12:35:54');

--
-- Índices para tablas volcadas
--

--
-- Indices de la tabla `cat_depositos`
--
ALTER TABLE `cat_depositos`
  ADD PRIMARY KEY (`id`),
  ADD KEY `fk_cat_depositos_cat_municipios1_idx` (`cat_municipio_id`);

--
-- Indices de la tabla `cat_entidades`
--
ALTER TABLE `cat_entidades`
  ADD PRIMARY KEY (`id`);

--
-- Indices de la tabla `cat_grupos`
--
ALTER TABLE `cat_grupos`
  ADD PRIMARY KEY (`id`);

--
-- Indices de la tabla `cat_grupos_cat_menus`
--
ALTER TABLE `cat_grupos_cat_menus`
  ADD PRIMARY KEY (`id`),
  ADD KEY `cat_grupo_id` (`cat_grupo_id`),
  ADD KEY `cat_menu_id` (`cat_menu_id`);

--
-- Indices de la tabla `cat_grupos_cat_permisos`
--
ALTER TABLE `cat_grupos_cat_permisos`
  ADD PRIMARY KEY (`id`),
  ADD KEY `cat_grupo_id` (`cat_grupo_id`),
  ADD KEY `cat_permiso_id` (`cat_permiso_id`);

--
-- Indices de la tabla `cat_grupos_users`
--
ALTER TABLE `cat_grupos_users`
  ADD PRIMARY KEY (`id`),
  ADD KEY `cat_grupo_id` (`cat_grupo_id`),
  ADD KEY `user_id` (`user_id`);

--
-- Indices de la tabla `cat_menus`
--
ALTER TABLE `cat_menus`
  ADD PRIMARY KEY (`id`);

--
-- Indices de la tabla `cat_municipios`
--
ALTER TABLE `cat_municipios`
  ADD PRIMARY KEY (`id`);

--
-- Indices de la tabla `cat_permisos`
--
ALTER TABLE `cat_permisos`
  ADD PRIMARY KEY (`id`);

--
-- Indices de la tabla `cat_playas`
--
ALTER TABLE `cat_playas`
  ADD PRIMARY KEY (`id`),
  ADD KEY `municipio_id` (`municipio_id`);

--
-- Indices de la tabla `cat_playas_cat_municipios`
--
ALTER TABLE `cat_playas_cat_municipios`
  ADD PRIMARY KEY (`id`),
  ADD KEY `cat_municipio_id` (`cat_municipio_id`),
  ADD KEY `cat_playa_id` (`cat_playa_id`);

--
-- Indices de la tabla `cat_servicios`
--
ALTER TABLE `cat_servicios`
  ADD PRIMARY KEY (`id`);

--
-- Indices de la tabla `cat_tipo_contratos`
--
ALTER TABLE `cat_tipo_contratos`
  ADD PRIMARY KEY (`id`);

--
-- Indices de la tabla `cat_tipo_seguimiento`
--
ALTER TABLE `cat_tipo_seguimiento`
  ADD PRIMARY KEY (`id`);

--
-- Indices de la tabla `programas`
--
ALTER TABLE `programas`
  ADD PRIMARY KEY (`id`);

--
-- Indices de la tabla `proyectos`
--
ALTER TABLE `proyectos`
  ADD PRIMARY KEY (`id`),
  ADD KEY `cat_entidad_id` (`cat_entidad_id`),
  ADD KEY `cat_programa_id` (`cat_programa_id`);

--
-- Indices de la tabla `proyectos_detalles`
--
ALTER TABLE `proyectos_detalles`
  ADD PRIMARY KEY (`id`),
  ADD KEY `cat_servicio_id` (`cat_servicio_id`),
  ADD KEY `proyecto_id` (`proyecto_id`),
  ADD KEY `cat_entidade_id` (`cat_entidade_id`);

--
-- Indices de la tabla `proyectos_detalles_seguimiento`
--
ALTER TABLE `proyectos_detalles_seguimiento`
  ADD PRIMARY KEY (`id`),
  ADD KEY `proyecto_detalles_id` (`proyecto_detalles_id`),
  ADD KEY `id_playa` (`id_playa`),
  ADD KEY `id_tipo_seguimiento` (`id_tipo_seguimiento`),
  ADD KEY `fk_proyectos_detalles_seguimiento_cat_depositos1_idx` (`cat_deposito_id`);

--
-- Indices de la tabla `seguimiento_fotos`
--
ALTER TABLE `seguimiento_fotos`
  ADD PRIMARY KEY (`id`);

--
-- Indices de la tabla `users`
--
ALTER TABLE `users`
  ADD PRIMARY KEY (`id`),
  ADD KEY `cat_grupo_id` (`cat_grupo_id`),
  ADD KEY `cat_entidad_id` (`cat_entidad_id`);

--
-- Restricciones para tablas volcadas
--

--
-- Filtros para la tabla `cat_depositos`
--
ALTER TABLE `cat_depositos`
  ADD CONSTRAINT `fk_cat_depositos_cat_municipios1` FOREIGN KEY (`cat_municipio_id`) REFERENCES `cat_municipios` (`id`) ON DELETE NO ACTION ON UPDATE NO ACTION;

--
-- Filtros para la tabla `cat_grupos_cat_menus`
--
ALTER TABLE `cat_grupos_cat_menus`
  ADD CONSTRAINT `cat_grupos_cat_menus_ibfk_1` FOREIGN KEY (`cat_grupo_id`) REFERENCES `cat_grupos` (`id`) ON DELETE NO ACTION ON UPDATE NO ACTION,
  ADD CONSTRAINT `cat_grupos_cat_menus_ibfk_2` FOREIGN KEY (`cat_menu_id`) REFERENCES `cat_menus` (`id`) ON DELETE NO ACTION ON UPDATE NO ACTION;

--
-- Filtros para la tabla `cat_grupos_cat_permisos`
--
ALTER TABLE `cat_grupos_cat_permisos`
  ADD CONSTRAINT `cat_grupos_cat_permisos_ibfk_1` FOREIGN KEY (`cat_grupo_id`) REFERENCES `cat_grupos` (`id`) ON DELETE NO ACTION ON UPDATE NO ACTION,
  ADD CONSTRAINT `cat_grupos_cat_permisos_ibfk_2` FOREIGN KEY (`cat_permiso_id`) REFERENCES `cat_permisos` (`id`) ON DELETE NO ACTION ON UPDATE NO ACTION;

--
-- Filtros para la tabla `cat_grupos_users`
--
ALTER TABLE `cat_grupos_users`
  ADD CONSTRAINT `cat_grupos_users_ibfk_1` FOREIGN KEY (`cat_grupo_id`) REFERENCES `cat_grupos` (`id`) ON DELETE NO ACTION ON UPDATE NO ACTION,
  ADD CONSTRAINT `cat_grupos_users_ibfk_2` FOREIGN KEY (`user_id`) REFERENCES `users` (`id`) ON DELETE NO ACTION ON UPDATE NO ACTION;

--
-- Filtros para la tabla `cat_playas`
--
ALTER TABLE `cat_playas`
  ADD CONSTRAINT `cat_playas_ibfk_1` FOREIGN KEY (`municipio_id`) REFERENCES `cat_municipios` (`id`);

--
-- Filtros para la tabla `cat_playas_cat_municipios`
--
ALTER TABLE `cat_playas_cat_municipios`
  ADD CONSTRAINT `cat_playas_cat_municipios_ibfk_1` FOREIGN KEY (`cat_municipio_id`) REFERENCES `cat_municipios` (`id`) ON DELETE NO ACTION ON UPDATE NO ACTION,
  ADD CONSTRAINT `cat_playas_cat_municipios_ibfk_2` FOREIGN KEY (`cat_playa_id`) REFERENCES `cat_playas` (`id`) ON DELETE NO ACTION ON UPDATE NO ACTION;

--
-- Filtros para la tabla `proyectos`
--
ALTER TABLE `proyectos`
  ADD CONSTRAINT `proyectos_ibfk_1` FOREIGN KEY (`cat_entidad_id`) REFERENCES `cat_entidades` (`id`) ON DELETE NO ACTION ON UPDATE NO ACTION,
  ADD CONSTRAINT `proyectos_ibfk_2` FOREIGN KEY (`cat_programa_id`) REFERENCES `programas` (`id`);

--
-- Filtros para la tabla `proyectos_detalles`
--
ALTER TABLE `proyectos_detalles`
  ADD CONSTRAINT `proyectos_detalles_ibfk_1` FOREIGN KEY (`cat_servicio_id`) REFERENCES `cat_servicios` (`id`) ON DELETE NO ACTION ON UPDATE NO ACTION,
  ADD CONSTRAINT `proyectos_detalles_ibfk_2` FOREIGN KEY (`proyecto_id`) REFERENCES `proyectos` (`id`) ON DELETE NO ACTION ON UPDATE NO ACTION,
  ADD CONSTRAINT `proyectos_detalles_ibfk_3` FOREIGN KEY (`cat_entidade_id`) REFERENCES `cat_entidades` (`id`);

--
-- Filtros para la tabla `proyectos_detalles_seguimiento`
--
ALTER TABLE `proyectos_detalles_seguimiento`
  ADD CONSTRAINT `fk_proyectos_detalles_seguimiento_cat_depositos1` FOREIGN KEY (`cat_deposito_id`) REFERENCES `cat_depositos` (`id`) ON DELETE NO ACTION ON UPDATE NO ACTION,
  ADD CONSTRAINT `proyectos_detalles_seguimiento_ibfk_1` FOREIGN KEY (`proyecto_detalles_id`) REFERENCES `proyectos_detalles` (`id`) ON DELETE NO ACTION ON UPDATE NO ACTION,
  ADD CONSTRAINT `proyectos_detalles_seguimiento_ibfk_2` FOREIGN KEY (`id_playa`) REFERENCES `cat_playas` (`id`),
  ADD CONSTRAINT `proyectos_detalles_seguimiento_ibfk_3` FOREIGN KEY (`id_tipo_seguimiento`) REFERENCES `cat_tipo_seguimiento` (`id`);

--
-- Filtros para la tabla `users`
--
ALTER TABLE `users`
  ADD CONSTRAINT `users_ibfk_1` FOREIGN KEY (`cat_grupo_id`) REFERENCES `cat_grupos` (`id`),
  ADD CONSTRAINT `users_ibfk_2` FOREIGN KEY (`cat_entidad_id`) REFERENCES `cat_entidades` (`id`);
COMMIT;

/*!40101 SET CHARACTER_SET_CLIENT=@OLD_CHARACTER_SET_CLIENT */;
/*!40101 SET CHARACTER_SET_RESULTS=@OLD_CHARACTER_SET_RESULTS */;
/*!40101 SET COLLATION_CONNECTION=@OLD_COLLATION_CONNECTION */;
